PassengerID,FirstName,LastName,DOB,Nationality,DLNo,PassportNo,TsaPre,AirportCode
1,Myrvyn,Coventry,03/01/2015,United States,N924-320-58-571-3,NULL,false,RES
2,Lucais,Zum Felde,06/04/1948,Mexico,A013-069-93-582-8,c78Fs0Jn,false,MKR
3,Valma,Sleeny,09/01/1938,United States,X958-612-31-678-5,NULL,true,KOK
4,Cordi,Gozzett,12/16/1982,United States,NULL,c8U0DO7hgs,true,FMM
5,Brooke,Beckensall,09/18/1959,United States,NULL,c579L68,false,BBS
6,Quill,Cocking,07/17/2005,United States,W409-494-78-339-0,NULL,false,NSE
7,Sullivan,Kalisz,08/08/2018,Ecuador,R332-250-06-706-4,cI2l6tW6NO,false,LYA
8,Byrann,Hannaby,02/14/1986,South Africa,R750-235-11-464-0,c094p91,false,FAN
9,Tallie,Farnan,05/15/1948,Barbados,R748-748-83-960-8,c34z64LK1S,true,SUY
10,Rivkah,Nerne,05/08/1945,United States,V158-647-24-065-1,NULL,true,OJC
11,Winston,O'Lenechan,02/20/1972,Japan,NULL,c5y9122Q78,true,MCP
12,Bendix,Passman,03/23/1951,United States,NULL,c7n5C12,true,PRZ
13,Filip,Treasure,03/15/1997,United States,K605-594-95-813-0,NULL,false,ZAL
14,Isahella,Ruter,09/22/1977,Italy,NULL,cb5a44c,true,COG
15,Keri,Kyteley,05/31/2014,United States,R975-139-25-198-1,NULL,true,DBC
16,Brigit,Shillabeare,02/07/1949,United States,NULL,c515GjX569,true,KKJ
17,Marquita,Conerding,06/15/1987,United States,NULL,c1d4AD7,true,MQT
18,Eleonora,Desaur,05/31/1949,Portugal,A397-003-05-432-7,c7bN8EI,false,FRC
19,Mayne,Alekseicik,12/30/1980,Indonesia,Y605-652-38-073-9,c4F77He1z,true,UTW
20,Benyamin,Lusher,12/18/1988,United States,Z991-475-18-446-4,NULL,false,GNT
21,Dolorita,Avery,04/30/1950,United States,NULL,c02x892X,false,TLQ
22,Maximilien,Richarson,02/01/1948,Panama,NULL,c7MJ8mi,false,KZF
23,Arin,Tineman,03/09/1964,Portugal,NULL,ch05v3275,false,VOL
24,Forester,Stear,11/21/2008,Sweden,NULL,c391nRJ143,false,THF
25,Asa,Berrie,05/04/1998,Uruguay,NULL,cz7A7k2N8,true,FUE
26,Lil,Miners,04/29/2000,United States,NULL,cogd6D4V98,false,TBU
27,Charmian,Lesaunier,09/12/1953,United States,NULL,c7sb5UI,false,SVL
28,Dino,Penhaligon,03/14/1995,United States,Y422-478-91-398-9,NULL,true,MOU
29,Dana,Calf,04/09/1937,United States,NULL,cKt349P3,false,YCD
30,Adela,Riddock,01/23/1978,Egypt,NULL,c8hx15xa,true,UBP
31,Ambrosi,Perschke,06/09/1996,United States,N073-166-64-619-1,NULL,true,KNQ
32,Gonzalo,Dolley,07/03/1990,United States,Y627-074-41-611-0,NULL,false,JAK
33,Appolonia,McIlenna,08/24/1950,Portugal,NULL,c8SLz5UO3B,true,HVR
34,Leelah,Byneth,04/26/1992,United States,T644-002-66-882-0,NULL,true,MTG
35,Paddy,Newborn,01/19/1936,Barbados,R613-220-45-891-5,c10Fk41,true,IOS
36,Aliza,Ingleby,12/18/1945,Morocco,NULL,c555U7i0,false,SEM
37,Ashien,Cogdell,03/24/1958,Trinidad and Tobago,NULL,c4fBe84,false,TOW
38,Abbot,Tremblet,05/13/1993,Peru,U960-432-28-944-1,cqP7969,false,GHU
39,Mandi,McKain,09/07/1992,Chile,NULL,c62USFi4h2,true,AKW
40,Wayne,Sayburn,08/08/2006,Barbados,E727-628-27-666-9,c083624m,false,BDA
41,Lise,Simoneau,03/09/1939,Russia,NULL,c2s3396,true,FCO
42,Griffy,Digman,09/24/1941,Peru,V006-218-27-369-9,c14TMbXR9,false,HMA
43,Ignacius,Pigeon,09/01/2002,Peru,NULL,c893613,true,ZGI
44,Faye,Cornuau,10/06/1990,Italy,NULL,c4639w4y,true,BVG
45,Christin,Sprouls,06/12/1987,Chile,NULL,c86flwMqA,false,OGB
46,Filmer,Sey,10/18/1950,United States,NULL,cMcdr2JL9,true,SQD
47,Hersh,Longmaid,12/30/1979,Hungary,NULL,c2bJwGrdl,true,ANS
48,Darn,Hutfield,07/29/1953,United States,NULL,cvd19cu,false,APZ
49,Ofella,Beachamp,03/05/2011,Netherlands,NULL,cs77Ig2,false,NGU
50,Christian,Keepe,06/28/1962,France,NULL,cMxaQ2qgv,false,SFD
51,Marybeth,Reape,04/10/1991,Sweden,T083-648-45-382-5,cN68hIGh8,false,JIC
52,Jaye,Whatsize,11/06/1988,Ecuador,E028-210-07-621-9,cF5HPl63,false,OGX
53,Clio,McKune,04/10/1953,Greece,I112-918-53-175-9,c3XLF947k,false,LEV
54,Laure,MacCurtain,03/25/1984,Hungary,D283-634-94-157-0,cY2m063,true,RYG
55,Shaine,Pannaman,02/15/1976,United States,K539-644-43-163-2,NULL,true,CES
56,Barb,Tookill,05/10/1938,Trinidad and Tobago,NULL,cIvc9c9,false,SCZ
57,Carlee,Ratcliff,09/12/1961,Philippines,S831-421-18-588-9,cXk3269t,true,SKV
58,Hirsch,Tarbett,09/06/1985,Mexico,NULL,cb2ti3W5bF,false,LHE
59,Jamie,Peacham,08/13/1938,Spain,X843-045-94-141-7,c0TME1pja,false,IBR
60,Hector,Brauninger,08/19/1988,Chile,NULL,c7uRwlW,false,VYI
61,Caitrin,Piburn,03/10/1994,South Africa,Q884-055-57-364-8,cQT1qE78,true,YHP
62,Arielle,Gimeno,12/20/2006,Australia,R765-022-71-300-5,cInZ192zI8,false,YLE
63,Niel,Cisar,05/21/2017,Spain,NULL,cWD7qAc,false,JAD
64,Sheri,Langford,06/10/1988,Barbados,E726-818-90-853-8,cg110n84Jw,true,ACT
65,Emmit,Loadsman,04/15/2016,Barbados,NULL,c609vGlus,true,HUY
66,Francesco,Sangar,01/25/1985,Russia,NULL,c66syKkc9,true,HIM
67,Clio,Layzell,09/27/1985,Australia,Q999-023-11-452-0,cnc6536z7,false,WST
68,Lucas,Skelton,07/26/1959,Germany,N095-856-70-597-2,c26334397,true,NSO
69,Yovonnda,Malimoe,11/10/1980,Cuba,NULL,c61x0D6w5,true,YCW
70,Fields,Ablewhite,05/28/2011,India,NULL,cF2486H8iH,false,FUE
71,Luca,Gorgler,11/20/1947,United States,NULL,cL05H711,true,YOJ
72,Tucky,McSweeney,05/05/1952,France,F627-108-47-488-2,c346U502KU,false,IEG
73,Steffane,Pirri,03/29/1976,Cuba,NULL,cW6Dw00S,false,MYQ
74,Yank,De Francesco,03/29/1963,Dominican Republic,NULL,c1L2yi4E,true,BYH
75,Bancroft,Fasler,04/29/2003,United States,R638-415-40-906-1,NULL,true,CYG
76,Gaylene,Biggs,01/05/2012,United States,U326-067-44-482-2,NULL,false,CMW
77,Kaye,Lafferty,01/14/1980,Italy,F923-895-98-345-7,cK85F98Ce,false,GLH
78,Mahala,Buckhurst,08/04/2011,Germany,K322-321-88-324-4,c94l63g9AK,false,MWC
79,Andie,Dunthorne,07/22/1957,Sweden,NULL,cC27JUh,false,HAH
80,Lavinie,Walder,03/24/1960,Poland,U251-086-41-417-7,cd125zQfT,false,TLQ
81,Megen,O'Corr,06/09/1987,Egypt,NULL,c8D401s694,false,VBV
82,Keith,Perrin,03/18/1966,Dominican Republic,NULL,cybO86z745,true,KCK
83,Babita,Bonnet,04/12/1978,France,G313-002-69-999-2,cAb8v772,true,LAA
84,Bessy,Belliss,11/24/1983,Dominican Republic,O280-436-47-505-8,c8eJNYD,true,VIS
85,Orlan,Dewitt,01/22/1962,Panama,U686-905-60-002-3,c5695aAiF,true,RTM
86,Mohandas,Duke,01/05/1942,France,Y827-037-90-153-2,c2O17zG,true,BAY
87,Kareem,Bosher,08/08/1976,United States,NULL,ctk361B3,true,WRG
88,Phip,Taffie,12/16/2006,South Africa,S166-732-89-714-5,cwVE6jN,true,SGD
89,Christalle,Worral,02/05/1968,United States,X990-564-99-290-6,NULL,false,LWY
90,Yorke,Antonikov,11/10/2008,Sweden,J624-748-04-810-8,cdK732G,false,KFG
91,Polly,Nozzolii,01/30/1983,Ukraine,U452-175-69-472-2,c680d5B6,false,VIL
92,Elsy,De Zamudio,11/10/1995,Morocco,NULL,cj87X0818I,true,HAM
93,Shane,Colquite,06/16/1985,Turkey,D626-809-85-046-8,cJwY461i0,true,YFH
94,Hedvige,Rockey,04/27/2008,United States,NULL,c4NSLni,true,FRA
95,Leonie,Sprott,05/07/1989,United States,F148-606-98-955-4,NULL,true,BZR
96,Jamil,Whiles,08/06/1962,Netherlands,L038-291-67-417-6,cO6F52C1ij,true,TAB
97,Alvina,Daspar,04/06/1954,Italy,NULL,c2DxAd6EB,true,HTL
98,Andrei,Werrilow,01/20/2000,United States,NULL,cBzuct5244,true,SAA
99,Carolus,Want,10/30/1968,Mexico,N594-043-53-125-0,c19YQ9R2e,false,TYL
100,Augy,Jirak,07/24/2001,Netherlands,NULL,cg57B7x8K8,false,OKE
101,Mari,Moggan,09/16/1947,Japan,L580-216-62-650-8,cAm80Y078,false,MYY
102,Brandice,Galley,01/21/2009,Portugal,NULL,c027o57,true,JAC
103,Mahmoud,Fossick,05/07/1966,United States,L042-315-65-667-7,NULL,false,JBR
104,Celestina,Sabine,09/28/2009,Peru,NULL,cDDTJ2c7R,true,HKT
105,Rickie,Boness,10/12/1995,Netherlands,NULL,cBC81c4C,true,YTD
106,Nyssa,Dechelle,01/08/1974,Egypt,NULL,c668x8M,true,ELH
107,Emerson,Felten,04/24/1989,United States,A280-813-07-814-1,NULL,false,MMD
108,Lay,Preto,11/29/1959,Egypt,NULL,c73Di5a,true,TOM
109,Valerye,Billyeald,12/30/1971,Indonesia,D793-765-79-304-2,cfiBg8h,true,SDN
110,Minnnie,Lalor,01/18/1935,Mexico,L215-731-17-204-1,cmWS1N6Sd,false,LDV
111,Carolus,Karpinski,05/24/1959,United States,J364-815-35-981-2,NULL,false,YGG
112,Carver,Petru,12/11/1963,Dominican Republic,A911-237-28-470-1,cb1h81l,true,NOZ
113,Connor,Compton,02/25/1969,Ukraine,O118-502-33-144-2,c39Hy9I,false,APN
114,Licha,Tuffley,07/23/1958,Netherlands,F743-377-15-772-8,cL1GeH6,false,LHR
115,Derk,Rippin,09/12/2003,South Korea,B964-229-63-646-5,caS27aH7,false,NGE
116,Obadias,Rebbeck,12/19/1951,India,G340-030-06-518-0,ck4OLgW92,false,YGX
117,Enriqueta,William,11/03/1947,Turkey,NULL,cYUfLY6,true,YQW
118,Gianna,Zute,01/05/1941,Italy,NULL,c7214Ft,false,YQI
119,Ivette,Quarry,10/05/1967,Germany,D052-095-17-881-5,cK0I4g2R,false,EAE
120,Saudra,Hillburn,12/04/2012,Ecuador,K584-348-63-844-9,caZdM39Q1,true,KAB
121,Caroline,Matysiak,05/10/2016,Portugal,NULL,c0629225,false,KNW
122,Gareth,Bromby,11/03/1971,Turkey,NULL,cs370z4EXa,true,LIS
123,Dulcea,Layborn,10/06/1936,Jamaica,E470-510-39-022-3,cM8487P,false,ZFM
124,Sam,Goering,04/05/2017,United States,E295-985-82-281-6,NULL,true,RIA
125,Joelly,Casillas,09/25/1960,France,P008-120-52-724-8,cRF697Hv,true,KTM
126,Langston,Cale,05/11/1975,United States,NULL,c5u825EB,true,FUO
127,Ashlin,Minet,08/27/1975,United States,NULL,cWo272j,false,MZU
128,Claudianus,Brolly,06/29/2008,Germany,NULL,c5CYPIa7,false,XAB
129,Mandel,Twyning,11/14/1942,Dominican Republic,NULL,c18V27b3Y8,true,USS
130,Paloma,Winsbury,05/20/1946,United States,NULL,cv9eGOI,false,TMA
131,Tedman,Jakubovics,12/26/1948,Hungary,S579-940-58-882-2,cpw6nMn,false,GAO
132,Roscoe,Stegel,12/30/2014,United States,NULL,c66i2027T,false,PEZ
133,Alis,Cremins,11/15/1995,United States,U299-680-34-641-9,NULL,false,HOE
134,Heath,Hansmann,05/12/1952,United States,Q094-547-55-605-7,NULL,false,ONK
135,Rolland,Luttger,07/05/1989,South Africa,NULL,c8E558Q,true,LSX
136,Boycie,Werny,10/10/2017,South Africa,NULL,c6B1U689R,true,LKZ
137,Gabriel,Eisikovitsh,03/21/1986,Ecuador,NULL,cL94464,false,LRV
138,Smith,Misselbrook,10/14/2008,Spain,T798-043-19-891-7,clL8gk34O3,false,DIN
139,Weidar,Jorden,03/23/1953,Panama,M085-512-98-327-6,c5I37AV05z,false,HHR
140,Dwayne,Crichley,01/16/1954,United States,R951-810-17-657-5,NULL,false,UNT
141,Anni,Iddins,07/21/1937,United States,Y425-248-24-422-9,NULL,false,SEM
142,Gwendolin,Kornyshev,01/25/1974,Puerto Rico,NULL,crb3811619,false,FKJ
143,Klarrisa,McGeagh,08/28/1967,Russia,NULL,cgtHzl3,false,SBL
144,Gregory,Bayless,05/04/2010,United States,N142-865-23-119-3,NULL,false,ZAM
145,Emyle,Wiseman,09/09/1936,New Zealand,Y191-817-34-302-3,cfChZOM,true,LNB
146,Kimmi,Saffon,08/12/1938,South Africa,J098-639-40-090-5,cj5490O,false,TUG
147,Silas,Berzen,05/08/1992,United States,NULL,c18bI72,false,KMC
148,Dianemarie,Osment,05/08/1935,Barbados,X363-187-57-145-1,crg145N08,true,GYM
149,Prudy,Rubanenko,06/06/2018,Netherlands,NULL,c7mIt8fsb9,false,OGU
150,Cloe,Tucker,04/08/1950,United States,NULL,cx3it1M47,true,QFG
151,Loralee,Jerrold,07/04/2018,Germany,NULL,c39133A,false,BVB
152,Tomkin,Romeuf,01/23/2002,Poland,NULL,c6560M5c,true,LAL
153,Forster,Gaber,09/09/1974,Peru,R769-897-57-418-8,c28B9i79,false,RJH
154,Roley,Redwing,05/07/2011,Indonesia,NULL,cWA2xar75w,false,SVG
155,Constantino,Briddle,10/01/1984,Russia,NULL,c088D8Hl7,true,KDO
156,Marena,Cornbill,09/12/1972,Spain,NULL,cip0ytZe7q,true,DAL
157,Raphael,MacPaik,12/17/1999,Jamaica,V109-119-29-152-3,cO0524sZ0l,true,AUF
158,Shayne,Mickan,07/16/2000,United States,NULL,c4tavQ38c4,false,JUB
159,Margaretha,Tallowin,11/20/1937,Uruguay,NULL,c8In4S003E,true,KSA
160,Bel,Debling,03/31/2019,Sweden,NULL,ctJk8o2R,false,SSY
161,Otes,Attwoull,10/06/1979,Germany,NULL,cRPx81m2R3,true,DEZ
162,Zebulen,Gittens,03/11/2001,Panama,E580-657-37-768-0,c1245u3m2,true,TEZ
163,Tally,Billison,04/27/1952,Turkey,E811-071-76-796-9,c0iQY651,false,TAE
164,Marnie,Baxendale,08/01/2004,Dominican Republic,NULL,c5p0s098Pu,true,YRG
165,Rudd,Abbati,10/03/1991,United States,NULL,cTbMG4DH4,false,JSM
166,Karel,Wilcher,07/03/1959,Hungary,NULL,c6B7292,false,NOR
167,Gilbertina,MacTrustam,09/25/1959,United States,NULL,cR28X4eb00,false,PNS
168,Packston,Buttrick,05/02/1947,Indonesia,Z877-413-66-396-5,c0zt295Q33,false,APZ
169,Virgilio,Villaron,08/06/1958,China,NULL,c3432h79,false,GFF
170,Gerrard,Garbutt,04/18/1995,Cuba,NULL,ck3Qw8q236,true,OMR
171,Leelah,Marquese,12/03/1989,Panama,O532-570-47-728-5,c205MJ2B6,false,BJF
172,Kermit,Fazzioli,08/08/1958,Russia,C833-578-00-608-0,c9J382N,false,YME
173,Emmalynn,Shaefer,04/21/1968,Turkey,NULL,c0yKV05F8,false,LSY
174,Karen,Foldes,02/03/1993,Costa Rica,NULL,ckdz3212r,true,EZE
175,Cullin,Whitlam,11/27/2003,Russia,NULL,c1R3NeWJ7O,true,TUU
176,Micky,Drennan,08/10/1985,Panama,NULL,c2A51313P,false,KWG
177,Ernesto,Froude,02/03/1995,Mexico,NULL,c178g531,true,MIB
178,Tracee,Senn,02/05/1968,Mexico,NULL,cZNP5V2U1,false,KRA
179,Miguelita,Fellnee,02/05/2017,Australia,NULL,clqwRQ8nk,false,YIW
180,Rania,Pleven,08/29/2016,United States,I012-412-92-803-1,NULL,true,LUN
181,Frankie,Trainer,09/14/1944,United States,R458-975-45-561-9,NULL,true,ATO
182,Leigh,Dunwoody,08/15/1977,United States,P606-155-29-459-2,NULL,false,KMQ
183,Francklin,Iacovino,10/27/1947,Mexico,NULL,c667x1349M,false,LHE
184,Luz,Niles,10/21/1960,United States,NULL,c559p533,true,KSK
185,Aridatha,Moxley,11/14/1978,Bahamas,NULL,c472WxU7H8,true,AVN
186,Ivar,Rawe,08/03/1958,United States,NULL,c61TbQ46f2,true,YTM
187,Alfredo,Gillbard,03/08/1957,Hungary,W515-759-45-641-5,cn3086G5C,false,SLW
188,Quintana,Studdeard,09/30/1948,Greece,NULL,cGuR6dwt,false,DRG
189,Brittney,Gerrans,07/03/1980,United States,NULL,cx9DFj3LaX,true,SZV
190,Carmela,Milella,01/30/1971,Trinidad and Tobago,NULL,cJ69r3l,true,DCN
191,Lindsay,Tizard,03/11/2003,United States,J755-268-45-094-4,NULL,true,FUL
192,Jodie,Sussans,06/17/2003,United States,NULL,c0f3JS2,true,TBF
193,Christal,Raitt,08/01/1991,Russia,Z779-190-08-659-3,c2IiEH3,true,PHW
194,Isa,Porson,09/03/1939,Poland,NULL,c07bkrU29,true,MKL
195,Cassy,Schott,12/20/1994,United States,O109-719-26-976-8,NULL,true,RRG
196,Dulcy,Torricina,09/17/1975,Russia,NULL,cL9pWFyI,false,PER
197,Rosmunda,Secretan,09/17/1947,United States,U323-683-07-857-1,NULL,false,LMR
198,Jeniffer,Cestard,07/19/1970,Spain,B148-532-98-466-6,c6A09E4,true,PIW
199,Mathew,Gatiss,10/06/1939,United States,NULL,caB169z,false,LVM
200,Wilburt,Saddington,05/08/1997,Jamaica,L674-684-48-298-8,cl9911dVW6,false,EUA
201,Gabrielle,Currier,05/04/2001,India,NULL,c26Btx9,true,XLS
202,Tatiania,Mayhow,03/09/1963,United States,NULL,cs719JcFs,true,TWF
203,Inglebert,Turvey,05/10/2007,United States,NULL,cM0K6229,true,EAE
204,Maximilianus,Cheeke,11/16/1949,United States,G440-689-86-765-3,NULL,true,LFR
205,Dawn,Billyard,03/22/1954,United States,NULL,c5S987i6yE,false,UDJ
206,Eugen,Schulkins,09/12/2016,Canada,NULL,cYs3r2xm,false,IMK
207,Margareta,Mokes,01/12/2017,United States,D676-637-33-553-1,NULL,false,DSN
208,Halette,Giacobbo,03/22/1973,United States,W694-386-46-144-4,NULL,false,GUQ
209,Pamelina,Sawday,06/30/2010,United States,NULL,c5mG5293G,true,LRD
210,Jackson,Siemantel,02/12/1972,United States,NULL,c0g9tR3,true,SBS
211,Bobbie,Aries,03/10/2009,United States,N373-024-75-477-2,NULL,true,OMB
212,Ingamar,Peiro,10/27/1973,United States,F512-845-86-172-9,NULL,true,SEU
213,Cammy,Callendar,11/26/2004,United States,NULL,c37cV54Kk3,false,HUF
214,Hector,Chiverstone,04/03/1952,United States,X110-640-46-067-4,NULL,false,DBQ
215,Margo,Puttock,01/01/1984,Barbados,H676-305-07-514-1,c236L5sI5,false,ZMG
216,Katalin,Halt,07/10/1935,South Africa,M293-666-22-221-7,c7p9X24,false,JHM
217,Coralyn,Macci,09/11/1988,Portugal,NULL,cvSOT3c,true,GSJ
218,Hewitt,Simons,06/23/1972,Mexico,NULL,c4V4U69,true,CTM
219,Elane,Inglis,04/07/1991,Philippines,A272-706-56-993-7,ckKN2867Uk,false,GZM
220,Blisse,Hannigan,09/12/1985,Netherlands,NULL,c7p36r69,false,MAI
221,Patrizio,Bourdice,08/01/1937,United States,NULL,c0W26Q74,false,SKV
222,Boy,Olner,12/10/1940,Philippines,NULL,c204e3Si0N,false,DUR
223,Fanni,Andreassen,12/10/1965,Indonesia,NULL,cV930WP234,false,HDM
224,Halley,Tyre,12/08/2015,Trinidad and Tobago,NULL,c06Gsrs,false,YTR
225,Jewelle,Job,06/28/1979,United States,X433-489-51-749-5,NULL,true,ING
226,Cookie,Hakonsen,06/12/1977,Japan,NULL,cB24798n0V,true,KUD
227,May,Hardi,12/08/1971,Portugal,G142-213-30-169-4,c4509tl8,true,HFS
228,Immanuel,Orwin,02/28/1943,United States,NULL,chT4VDY,false,EJN
229,Toby,Salatino,09/04/2016,Mexico,NULL,c6BG3n8hP,false,ECP
230,Lucien,Waring,03/17/1999,Italy,H100-669-27-846-4,ceH6d9sp,true,RMQ
231,Margareta,Collihole,07/18/2017,Poland,A547-806-88-095-3,c1d21B2,false,NRL
232,Huberto,Arrandale,04/05/1950,United States,NULL,c29gUFg545,false,GUH
233,Charis,Bockman,12/08/1940,Trinidad and Tobago,E011-705-11-656-0,c05nkH45,true,AAQ
234,Birk,Grove,03/17/2014,United States,Q746-139-76-875-7,NULL,true,CDW
235,Gertrude,Cockburn,07/07/2014,Cuba,NULL,c8JqTSkQ9,true,WVI
236,Shaine,Sollom,06/21/1948,Spain,F075-315-49-630-9,c4A03j42,false,DIJ
237,Haydon,Duddin,08/01/2014,United States,A637-684-71-940-5,NULL,true,HAR
238,Delcina,Bonass,08/16/2003,Bahamas,L506-260-66-556-7,cDJMGI26,true,ONJ
239,Saloma,Arend,10/02/1974,India,B987-268-98-824-7,cU247u96,true,MRU
240,Duffy,Broady,02/10/1997,United States,NULL,c608A58Q,true,VEL
241,Maryanne,Irdale,01/23/1967,United States,NULL,cTrd1aXF36,true,BMY
242,Quent,Caldero,07/06/1972,Peru,NULL,cwE7l0R2ne,true,MDZ
243,Orville,Drennan,08/24/1966,Ecuador,NULL,cF30i3b9,true,ILU
244,Rhody,Farrin,02/12/1962,Bahamas,NULL,c80VboDcc,true,MQM
245,Querida,Sillis,09/25/1961,Russia,NULL,cMN7Q73,true,TBT
246,Raddy,O'Hone,11/23/1982,United States,NULL,c3U025e,true,SAD
247,Brandi,Berthome,04/23/1949,Germany,C023-816-70-498-1,cFx6h2l1W,false,ODN
248,Bernardina,Cotte,08/16/1979,United States,NULL,cD400y12ot,true,LGH
249,Barris,Sneden,07/06/1984,United States,NULL,c3pS4DMx,false,ERG
250,Kalli,Slorance,11/16/2011,Mexico,NULL,c9uqw7Z,false,YPA
251,Dynah,Paddison,02/05/1946,Poland,NULL,cZ5Y3P1,false,HXX
252,Vi,Sammes,07/30/1997,South Africa,C852-746-13-732-8,c93dD693y1,true,LRS
253,Clem,Fuge,01/01/2004,United States,E747-621-43-717-6,NULL,false,TGG
254,Moina,McKimmey,01/16/2001,Germany,NULL,chhpkt73,true,NMA
255,Tallia,Szabo,07/19/1954,Dominican Republic,H596-699-49-505-5,c1zE832,false,ABV
256,Rene,Yearne,01/24/1936,Netherlands,T857-733-70-154-6,c8hvT0pE,false,KPC
257,Sallee,Ezele,05/07/1954,Netherlands,NULL,c2Hod19S9f,true,BLN
258,Francene,Mattack,12/19/1972,Sweden,NULL,cRhQ4QVsx3,false,LJA
259,Jeri,Eglese,06/10/1972,United States,K610-171-92-276-3,NULL,false,MWF
260,Barnabe,Cadd,12/12/2000,South Korea,NULL,cI3P3i7I,false,ANC
261,Normie,Jovicic,02/01/1972,United States,NULL,cC651ab,true,ACV
262,Candie,Grigoriscu,09/01/1986,Egypt,E537-883-10-623-0,cHk40NE2,true,MAE
263,Silvan,Scopham,03/26/2019,Australia,Z364-640-05-329-1,c03Jh8O5F3,false,HGH
264,Andra,O'Hallihane,08/21/2016,United States,D987-164-26-593-3,NULL,false,YWG
265,Archibaldo,Melmar,02/24/1935,Russia,C560-852-11-928-7,c8Dvl7z,false,CFS
266,Maible,Bernardt,08/26/1978,United States,NULL,c85n270,true,SUU
267,Jill,Stienton,01/13/1965,United States,S492-596-82-618-9,NULL,false,POG
268,Rafferty,Munslow,12/20/1983,Netherlands,R320-097-17-665-6,cvVAl0j2,true,KSY
269,Rees,Waddilow,03/02/1949,Cuba,T937-297-33-774-2,cx448Pf2,false,SKK
270,Gibby,Prayer,06/23/2017,France,C597-091-23-296-5,cUsL1j4qw,true,KEM
271,Rudolf,Tansey,01/26/1975,United States,NULL,cF3I830,true,ZIX
272,Brittaney,Ligertwood,02/18/1958,United States,Q660-979-35-327-4,NULL,false,CWW
273,Leena,Kime,03/13/2016,Peru,NULL,c136L68,true,CDC
274,Becca,Dowd,10/18/1986,Spain,W637-455-57-738-9,c9Ko0712MP,true,BDM
275,Mercy,Eckford,04/15/1991,Spain,NULL,ct3v1d920e,false,DBA
276,Loree,Rickson,11/09/1939,Italy,U037-807-81-160-2,cn0D84N9q0,false,CAH
277,Virginia,Gryglewski,05/17/1994,China,NULL,c478NbTc7o,true,RFD
278,Harvey,Randles,05/18/1971,Canada,NULL,c632x20s1,true,WEF
279,Steffane,Robardley,03/23/1947,Portugal,U168-309-42-015-6,cL44DRF,true,SPA
280,Darcee,Lazar,01/14/1976,Uruguay,N806-524-26-919-0,cd14H69,true,WWD
281,Cosme,Emson,08/25/1994,France,Z570-456-08-382-8,c02J9h3zP,true,TOG
282,Merrill,Heather,05/10/2001,Brazil,NULL,c37LaJqBpu,true,APG
283,Lola,Headrick,12/10/1939,United States,NULL,c47p38oSO,false,DSK
284,Darcy,Farlane,01/01/2006,Italy,Y453-757-31-920-2,cd817m3,false,CFG
285,Dolli,Heamus,05/15/1986,United States,NULL,ca677411,true,VUP
286,Vanny,Healey,08/26/1953,France,NULL,c3V17mG,false,MEK
287,Melisse,De Castri,07/26/1972,Jamaica,NULL,c173Yw4id,false,BED
288,Roxanna,Mole,10/07/2008,Netherlands,Y055-545-12-851-8,cuH7j9133,false,KGG
289,Fawn,Nevet,08/21/1986,Mexico,NULL,c6Ow9168,true,SXI
290,Tedda,Hayhurst,07/28/1991,United States,NULL,cBGn61n6,false,JOK
291,Linn,Rookesby,04/11/1981,Indonesia,B771-989-63-036-2,cx68227EN,true,MAT
292,Harriette,Isoldi,10/17/1989,Egypt,NULL,czq46wnVYk,false,WIL
293,Celinka,Bucham,05/09/2016,Peru,G245-203-02-396-9,c48X5Yso7,false,FXE
294,Rikki,Kimblin,04/04/1951,United States,NULL,cs77O34g,false,HUA
295,Gare,Gerrels,03/05/1953,United States,K458-883-69-884-4,NULL,true,TCO
296,Yetta,Alpine,10/28/1947,United States,R648-124-09-414-7,NULL,false,MIU
297,Vivia,Avis,06/13/1997,Spain,NULL,c3z5vg8,true,ETS
298,Addia,Sawday,02/22/1970,United States,S240-478-94-328-1,NULL,false,PHN
299,Yoshi,Gager,06/30/1980,Ukraine,I924-573-82-082-1,cK1av74V42,false,YKZ
300,Bernette,Hamnet,01/22/2011,Ukraine,Q021-284-79-020-7,c2G2b0q3,false,GLR
301,Harbert,Warner,02/17/1992,United States,NULL,cG837478U,false,LIX
302,Gayelord,Asple,11/15/1958,Morocco,NULL,c4O94141e,false,AAX
303,Dacia,Foster-Smith,04/27/2007,Morocco,NULL,c77P5v65,false,ALE
304,Robbie,Dymond,10/17/1996,United States,A502-393-82-750-5,NULL,true,SXE
305,Elena,Hekkert,05/18/1958,Spain,NULL,c852aE993h,true,FAI
306,Eachelle,Dugood,05/30/2003,Sweden,NULL,cIImD47,true,BFO
307,Edouard,Gorstidge,11/10/1944,Puerto Rico,E132-049-41-937-3,c363L1i,true,YGL
308,Gabriell,Karpeev,11/18/1945,Portugal,NULL,c333S5G,false,NHT
309,Greer,Soall,11/10/1935,Portugal,O069-676-92-085-2,cYbvLr0,false,CUB
310,Amata,Colgrave,07/15/1948,Cuba,NULL,c52VJ321,true,NON
311,Hymie,Gypps,04/04/2010,Sweden,NULL,chloUPVa64,true,CND
312,Dixie,Clewarth,10/13/1990,Costa Rica,NULL,c46moLQ,false,FHU
313,Veradis,Scedall,01/05/2005,Italy,NULL,ce72q2TY75,true,CNU
314,Ediva,Bonnick,01/02/1992,United States,B167-530-09-820-8,NULL,false,SXE
315,Eolande,Edrich,01/27/2009,Chile,NULL,czXrQb9JUj,false,TNT
316,Mordecai,Ryson,10/28/1967,United States,L182-876-37-332-6,NULL,false,AJL
317,Barrett,Le Noire,06/06/2001,Japan,X184-974-15-972-9,cR0lol1c3t,false,DUC
318,Alleyn,Andreasen,08/21/2007,South Africa,O818-810-31-006-2,c2S47YR,false,ELQ
319,Say,Konrad,02/23/1973,South Africa,NULL,c7bMW9Z5h,false,LMR
320,Henderson,Pemberton,09/05/1987,Panama,I298-988-70-406-5,c1wmdC3x6P,true,ACH
321,Pollyanna,Vasiltsov,12/04/1961,United States,NULL,cPn6tEcu,true,DNR
322,Moritz,Tunny,05/26/1999,Panama,NULL,c465Ck4J,true,ABA
323,Sutherland,Alred,11/20/1987,Dominican Republic,V084-118-07-902-0,cD89j9Q,false,UHE
324,Dawn,Scarrott,10/31/1981,Greece,NULL,cTI2L5q4,true,FRC
325,Archibaldo,McAlpin,02/01/1989,United States,NULL,cJ4h6530,true,YBA
326,Masha,McKerley,01/12/1954,United States,NULL,cLwZ1Lx,true,TRW
327,Peirce,Cleen,02/23/2003,Panama,N640-851-14-651-6,c6nS69HH54,false,WRB
328,Shaughn,Philps,08/03/1938,South Korea,NULL,ci9EMP61,true,RIH
329,Conn,Garlant,04/21/1980,Ecuador,G477-983-58-546-0,cn322D69,false,TGQ
330,Gaylord,Dowding,03/03/1982,Panama,NULL,c88000Yx,false,UGO
331,Silva,Kleine,03/19/1980,United States,NULL,c4Zmjb50,false,FLO
332,Joletta,Cogan,06/26/2017,Uruguay,U558-916-61-064-4,c96p2iJ829,false,GUP
333,Barbabra,Zisneros,04/15/1958,South Africa,NULL,cN61XCL10,false,YDG
334,Cherlyn,Botfield,03/03/1969,Italy,NULL,c6l521YQ,true,FAB
335,Chadd,Ghidetti,04/20/1978,Portugal,R236-622-79-318-9,c88Ht1D729,true,ECV
336,Marchelle,Clemitt,11/07/1946,United States,NULL,cm7h4CFC25,false,LEA
337,Vale,Cobello,11/04/2008,Peru,NULL,c9O572K9X7,false,NHD
338,Ches,Cotherill,07/12/1954,Australia,Z765-757-47-419-6,c16550D4,true,PKE
339,Alverta,Trewin,03/15/1995,Germany,Z042-900-84-625-4,cJ5084n3q6,false,LFQ
340,Ritchie,Maybery,11/16/1936,Bahamas,I260-351-73-595-3,ce6q5240GT,true,UGU
341,Bobinette,Adamov,01/01/2016,United States,T790-994-16-027-9,NULL,false,OKO
342,Tabina,Gilstin,03/23/1946,United States,NULL,caHu44ty,true,JAC
343,Clair,Lyenyng,01/08/1977,United States,NULL,cYYyZ25,false,PAT
344,Regina,McSharry,05/30/1952,United States,T302-895-37-668-2,NULL,true,RBV
345,Eb,January 1st,01/18/1983,Puerto Rico,NULL,ce61w7irj,true,YQT
346,Yvette,Marjoribanks,06/07/1948,Panama,NULL,cT79n2Vxd,true,ALH
347,Maia,Pagelsen,10/15/1937,United States,NULL,c1VO9F949,true,PIU
348,Bronny,Binham,12/03/1983,United States,NULL,cW67243,false,LSF
349,Elisabetta,Louis,04/01/1964,Poland,K227-969-84-857-4,c55kt4B58,false,PUZ
350,Rozalie,Morcombe,06/24/1991,Spain,Q591-641-18-450-3,c9E3p44V2J,false,BRV
351,Jarret,Goodisson,08/10/1941,Mexico,NULL,c9rulYsU,true,WJU
352,Kaile,Flott,09/18/1943,Dominican Republic,NULL,cb6q926qj,true,ASR
353,Tiertza,Feek,01/22/2013,Portugal,Y434-496-73-656-6,c9x42tr,true,WLS
354,Tan,Kuhnke,06/27/1990,Russia,R064-247-55-791-3,cUs8Tc06y,true,CJB
355,Whitman,Widdows,04/26/1952,United States,NULL,c4DExji,false,AUW
356,Washington,Clench,12/10/1959,United States,NULL,cW75krN,false,HSL
357,Baldwin,Blazeby,07/05/1991,Russia,S499-272-31-919-9,c4O1w13H,true,EDI
358,Chauncey,Jorn,06/03/2007,South Africa,S723-780-34-265-9,c2kI9Jg,false,VTE
359,Palmer,Kisbee,11/03/1990,Philippines,NULL,c87A99x,false,WWR
360,Ulrick,Folan,07/16/1972,Ukraine,NULL,c73o0v03L,false,ZQW
361,Caesar,Pester,07/19/2010,United States,NULL,cU12C749H,true,DLM
362,Travers,Zieme,09/05/1992,United States,X513-597-22-922-2,NULL,false,SZJ
363,Mendy,Hughill,04/28/2002,Portugal,NULL,cPW2201,false,VHM
364,Bentley,Vasyanin,04/08/1979,Cuba,NULL,c0c0719Ft3,false,BBJ
365,Farrand,O'Gormley,02/28/1977,Ecuador,Q984-482-22-843-1,cwhsW30R9a,true,SUA
366,Fonzie,Baulk,04/20/1983,United States,W046-161-36-429-4,NULL,false,EPA
367,Flin,Walewicz,07/16/1996,Ecuador,NULL,cPJPm0DM,true,NTL
368,Nari,Dorsett,11/03/1939,Germany,NULL,cN078Rj,true,TLV
369,Iggy,Rowney,08/17/1983,Ecuador,NULL,c56204Hb,true,PPN
370,Chloe,Serle,05/28/1980,Mexico,NULL,cv6r13V2,false,AEU
371,Regina,Macallam,03/07/2005,Germany,NULL,clxrA734ym,true,GXG
372,Westbrook,Edney,09/26/1976,Bahamas,P225-294-14-630-1,cN171Eg,false,IPC
373,Rozanne,Lukesch,07/15/2008,China,NULL,c56kacg,true,KSH
374,Urbanus,Sackey,04/14/1944,Trinidad and Tobago,C005-073-81-307-0,c85z11t,false,HOX
375,Philippine,Crofts,09/27/1977,United States,X181-200-24-163-0,NULL,false,WMP
376,Demetris,Frankom,06/25/1955,Italy,NULL,c8h1Dw2,false,DGE
377,Bird,Olliar,11/01/2013,Barbados,V066-761-62-352-5,cX3T0v1,false,FLD
378,Yanaton,Ivashinnikov,03/27/1948,Uruguay,Z273-085-92-897-8,c14MD2f8OJ,true,BSG
379,Kira,Trahear,01/08/1938,Cuba,V265-213-97-423-7,ck52ntO,true,VRY
380,Suzette,Nardoni,07/15/1986,United Kingdom,NULL,ce29t501,true,HWD
381,Crawford,Gomby,11/25/1953,Germany,C190-134-31-838-1,c9AZt3b8,false,SNE
382,Brendan,Casassa,11/17/2012,United States,D829-445-59-067-4,NULL,false,ZAL
383,Hanni,Verrick,01/25/2013,United States,NULL,c25SHIa,true,COF
384,Kinsley,Westnedge,01/20/1993,New Zealand,NULL,c841g7T,false,OTZ
385,Lilian,Peterken,06/19/1944,United States,NULL,cI880OJ,true,NAY
386,Helaine,Slayford,07/24/1962,United States,NULL,cDxS7w8zR5,true,NTD
387,Cindee,Spurr,11/14/1987,Morocco,NULL,csjtQqP31F,false,TCN
388,Oralee,Pannaman,02/07/1948,Poland,U868-056-59-306-9,c66pr6u4Dg,true,SZF
389,Rafferty,Vaughton,10/02/1977,South Africa,I520-680-66-409-5,coJ8Xm82,false,BDD
390,Nathanil,Bendare,09/17/2009,Egypt,NULL,c1I9ehyh,true,GLT
391,Grier,Lund,11/17/1969,United States,B554-322-21-005-1,NULL,true,TTH
392,Tiff,Halt,06/06/1961,Egypt,NULL,c7Jp74I9,false,QNC
393,Bella,Hubeaux,11/09/1965,Trinidad and Tobago,O180-102-12-557-1,cIzEB6dL,true,NLP
394,Moyra,Hemphall,09/16/1971,Germany,NULL,cazF1oL7R,true,LKL
395,Lesya,Vase,09/13/1939,Mexico,T065-932-39-428-3,ceQe217i7,true,PKH
396,Zach,Mangeney,07/30/1948,New Zealand,F651-769-05-487-2,cH1rU1G,true,PVU
397,Hy,Hargerie,03/11/1971,United States,K676-531-10-660-2,NULL,false,TPC
398,Allianora,Monkleigh,11/17/1984,United States,V062-613-23-964-6,NULL,true,LAD
399,Kary,Face,04/17/1983,South Korea,U683-577-58-502-1,cKUp6490,false,YYG
400,Riannon,Atcock,08/26/1943,Chile,K230-638-03-389-4,cu0A44etF,true,WNA
401,Erin,Irdale,08/12/1974,United States,A480-438-69-647-9,NULL,true,SOO
402,Sarge,Stoite,04/15/1938,United States,NULL,c2u1f3ZYw3,false,VNO
403,Phylis,Swedeland,10/03/2008,United States,V190-391-95-798-1,NULL,false,SDF
404,Shayne,Slimme,03/27/1972,South Africa,NULL,c905kLe,true,YKN
405,Aristotle,Elham,12/29/1936,Portugal,NULL,cq6w72J,true,MNU
406,Shepard,Skones,08/11/1974,Poland,B452-467-05-518-4,cxcW08TQ5V,true,MXM
407,Erminie,Vannah,02/09/1938,Russia,NULL,c8N9516,true,SWS
408,Nevins,Shemilt,04/01/1976,Indonesia,NULL,cu35472F,false,PFB
409,Corny,Monteath,06/06/2012,Cuba,A465-756-48-709-1,cz19c2P8,true,KAL
410,Rene,McNeil,02/20/1938,Jamaica,NULL,c3PL883c7,true,XVS
411,Kristo,Paolini,08/20/1978,United Kingdom,NULL,c6O3103eB,false,SCK
412,Lukas,Dane,02/19/2006,United States,NULL,cv0o8Oe,true,YYF
413,Ambrose,Frise,11/28/1972,United States,A417-732-12-975-0,NULL,true,ELQ
414,Vassily,Agney,05/17/1988,United States,NULL,c539i775V2,false,WNP
415,Clair,Wolpert,04/26/1946,Poland,B022-338-51-790-1,c9Lz0Yxk89,true,OAH
416,Ulrikaumeko,Strowan,04/05/1937,Brazil,NULL,cG4d8u27,true,DPL
417,Aldrich,McCalum,09/16/1935,Brazil,A734-265-11-475-1,c4553W1R4,true,FSI
418,Ailsun,Carillo,06/13/1952,United States,NULL,cdEXzDQ2,true,CUB
419,Stephenie,Somerlie,07/01/1987,United States,N616-089-89-988-3,NULL,false,ASA
420,Gaspard,Loughman,04/23/1988,Hungary,A035-327-28-111-5,c4Z10Uj,true,DU9
421,Babbie,Jevon,09/20/1971,Ukraine,NULL,cLyRT6Uo18,false,IKK
422,Joelly,Lofting,04/28/1999,Spain,NULL,c3gQrQ7w76,true,TUG
423,Mata,Rachuig,10/02/2001,Puerto Rico,NULL,c95q7B0z4,true,PAT
424,Georgia,Peasgood,12/20/2002,China,NULL,cA5I76Gh4,true,BTH
425,Candice,Snelling,09/05/1997,United States,NULL,c9SwM3h,false,LDX
426,Madelene,Paulmann,02/28/2006,South Africa,L760-762-42-570-3,c5B82X1,false,GDT
427,Dore,O'Crevan,07/23/2012,United States,V408-218-93-675-8,NULL,false,PVU
428,Winona,Snowden,03/21/1985,United States,T089-945-74-475-9,NULL,false,PBH
429,Merrili,Tym,11/01/2004,Australia,L889-623-85-279-0,c1Q0CM3N,true,IXG
430,Ashley,Binder,06/08/1954,Spain,NULL,cJU9Z0l9,false,BOD
431,Cecil,Arrighini,11/19/1952,Greece,NULL,c3M4646,false,ERM
432,Francene,Tosdevin,03/14/1969,United States,M852-212-81-426-7,NULL,false,TFS
433,Floyd,Iacivelli,09/04/2015,United States,NULL,c7I9G0Z,true,IAG
434,Bogey,Hubeaux,02/24/1970,Ecuador,I842-241-64-498-6,cNM46yx,false,INL
435,Tamiko,Cubley,11/22/2005,Puerto Rico,V568-343-71-487-2,cg50AK69O9,true,MWD
436,Trenna,Slowgrave,10/17/1971,Puerto Rico,NULL,cZ5520Q,true,IQM
437,Sigismond,Cheine,02/01/1985,United States,NULL,cgDoGFSN,true,HUH
438,Lou,Crowder,10/13/1981,United States,NULL,ce6mXkz,true,MRQ
439,Barbee,Joplin,11/08/1980,Morocco,C284-037-02-090-9,c282pj7,true,LLE
440,Goran,Stubbington,08/04/2019,Italy,N812-383-99-704-2,cj12Q3167,true,BDT
441,Wendie,Bhar,07/24/1949,Chile,Y255-965-85-781-8,cYLa1b4d4,false,SLZ
442,Hussein,Pauli,03/25/1984,Costa Rica,A239-051-89-231-8,c48n8Z897,false,YXE
443,Brewster,Balleine,09/15/1950,China,Q517-643-73-613-6,cm15lUNc7b,false,MOA
444,Tucker,Onthank,11/18/2007,New Zealand,NULL,cw4a6J8Kv,true,LGG
445,Abran,Wilson,04/24/1947,Ukraine,N496-898-52-326-3,cnkYH7uw,true,IFJ
446,Kennie,Merill,12/18/1968,Spain,A284-044-77-107-4,c9XXQiGIN,false,DKI
447,Saree,Fearney,07/29/1945,Brazil,V349-638-33-500-2,c3rF7JD9,false,GOA
448,Sydney,Saiger,01/05/1942,New Zealand,V837-726-74-364-7,c4189nm,true,KDI
449,Laural,Hars,10/13/1964,Sweden,NULL,czTsV6P921,true,TRO
450,Toddy,Synnott,10/08/1965,Greece,A435-115-32-688-0,ctn5AiRK4,false,SBH
451,Zena,Dorbon,09/13/1935,United States,A041-297-49-613-0,NULL,false,FCN
452,Saunders,Hemphall,03/07/1992,United States,N962-285-92-993-9,NULL,false,NXX
453,Cullen,Baron,05/09/1968,United States,NULL,cImkvLH5t1,false,CNI
454,Dyan,Cuff,05/17/2016,Greece,NULL,c0BS17CvfK,true,KMG
455,Orelia,Sherar,05/01/2011,Germany,P721-533-51-054-6,cd6041UAu,true,MOU
456,Salvidor,Arter,09/18/1953,Panama,NULL,c4xw5T8,false,LGL
457,Barb,Slixby,01/01/1940,South Africa,NULL,ce6WZIe2Y,true,DND
458,Shellysheldon,Veryan,06/25/1976,Spain,NULL,cI138aM,false,LSS
459,Byrle,Ditch,10/06/2009,United States,NULL,c4G1HVO,false,RBR
460,Maddie,MacPherson,05/21/1944,Ecuador,NULL,c28818gP,true,LGL
461,Gipsy,Salomon,10/02/1967,Portugal,NULL,c22I40c40h,false,BFN
462,Nicoli,Rosenschein,06/15/2004,Costa Rica,NULL,c306c044M,true,BOR
463,Raquel,MacConnel,07/25/2006,Costa Rica,NULL,c40pMit,true,BWE
464,Nelson,Bohling,04/06/1990,Greece,NULL,cZs243x2,true,CFR
465,Min,Georgeau,07/15/1968,United States,NULL,czy4xA5372,true,BGR
466,Elyssa,Rodinger,06/29/1989,Germany,N033-478-68-686-1,cGLwrZej,false,MXJ
467,Charlotta,Labro,05/09/1998,United States,E285-856-50-263-5,NULL,true,YEO
468,Dannel,Bodle,04/18/1988,Indonesia,L228-246-93-056-0,c457kj6,false,DJE
469,Ashbey,Gauntley,04/19/2006,Portugal,G527-906-25-905-7,cW2BvFW27,false,BKK
470,Ruggiero,Pomfrett,07/05/2018,Brazil,V511-256-34-516-5,c20Ezt13O,true,YFB
471,Michaelina,Murrhaupt,11/14/1994,Peru,L634-585-69-220-6,cZ30kOc,false,JOH
472,Ralph,Gettins,10/21/2004,France,NULL,c2549897,false,CCA
473,Ame,Stubbe,01/24/1985,United States,NULL,cM2ys292,true,OSM
474,Gregoire,McGuane,04/18/1954,Puerto Rico,Q240-213-27-249-4,c79d9ksG,true,LLB
475,Allegra,Rentenbeck,09/28/2005,United States,NULL,c770Hwso,false,HDG
476,Warden,Snoday,12/15/1935,United States,NULL,csP306Ky2T,true,MWX
477,Seka,Kearton,01/13/1938,France,Y524-183-76-367-5,cow6452,false,NGF
478,Judon,Forestall,12/01/1981,United States,NULL,co1p92U7,false,MSH
479,Porter,Passingham,10/05/1996,Barbados,G698-459-05-000-0,c52u94g,false,GOU
480,Bennett,Baigrie,07/20/1995,United States,NULL,c1E1uI73,true,DAY
481,Helenelizabeth,Giacomuzzi,12/17/1964,Egypt,NULL,cf3f1A9T07,false,MPL
482,Hermina,Manzell,12/03/1948,Egypt,NULL,c8Lj0958S3,false,OAI
483,Tedmund,Huetson,11/05/1965,Indonesia,L123-211-67-599-0,ce5tCafId5,false,KTG
484,Cullin,Gidley,09/12/1943,Trinidad and Tobago,NULL,c1LV9IxcX1,true,CBR
485,Halsey,Plum,10/31/1957,South Africa,K953-824-20-267-5,cZ4RU8dV17,true,CCP
486,Mil,MacLice,03/14/1981,Portugal,NULL,c7C52ga,false,URJ
487,Maisie,Cuppleditch,06/29/1945,United States,NULL,cIrm5w6TL,true,ATR
488,Lenci,Rubinsky,08/27/1956,Indonesia,NULL,cjsCQUT,false,YXT
489,Lucia,Buckmaster,11/25/1955,Mexico,B249-668-50-596-1,ca1264SS03,true,KOJ
490,Lothaire,Puttock,01/25/2013,United States,NULL,cArJFED5,true,GPB
491,Adore,Cliff,02/26/1957,United States,NULL,cC03UDoivE,true,HIN
492,Lilias,Bostock,11/07/1940,Philippines,P732-638-13-193-0,c74928DV,true,ONX
493,Stepha,Cullagh,01/02/2002,Philippines,A939-965-72-790-1,c6a6fKTp7,false,TII
494,Dominica,Josskowitz,06/11/2012,United States,NULL,c5ZC187Hv1,true,CID
495,Dacey,Goodfield,03/06/1982,Australia,H022-953-24-082-7,caV7i02,false,MSZ
496,Gene,Parcell,07/11/2008,Japan,NULL,c789Sw9y1c,true,GRY
497,Sollie,Plunket,12/26/1941,United States,NULL,crA989PPB2,false,CBB
498,Catharina,Wiskar,06/26/1938,India,NULL,c384M78o,true,TXK
499,Elva,Camilio,06/13/1965,Mexico,D958-724-45-061-7,cH27367,false,BBG
500,Terrance,Jeffs,12/25/1995,United States,NULL,cq7682hvk,false,MFG
501,Kyle,Matias,02/19/1953,Hungary,E968-176-08-725-1,c6da436udc,true,PDT
502,Carin,Fancutt,01/22/2019,India,E890-083-50-012-9,c67G5cmAym,true,GLR
503,Skip,Woollard,10/29/1963,Philippines,NULL,c7e2D27,false,SNP
504,Timmy,Trimby,10/09/2017,Puerto Rico,NULL,cqs4kG64r,false,QRW
505,Ailee,Sweeting,05/16/1992,South Korea,NULL,c7F3H21D,false,OLB
506,Nathan,Suggate,07/02/2005,Philippines,S837-044-09-360-6,cw65WU23j,true,YMS
507,Michale,Rentalll,12/19/2019,United States,Q698-224-56-638-2,NULL,true,WKL
508,Evy,Cominetti,04/23/1993,United States,D531-718-10-535-7,NULL,false,KGJ
509,Paloma,Tour,08/31/1975,South Africa,NULL,cm1514O85,true,RUA
510,Morgana,Roos,03/28/1987,United States,G627-012-90-764-6,NULL,true,BKG
511,Horton,Sturt,12/06/1948,Ecuador,S372-831-09-869-4,cmSB5I37,false,URT
512,Ashlie,Passy,06/29/1941,Spain,X043-629-70-276-2,c622018,true,MOF
513,Henrieta,Bisco,12/25/2014,South Africa,S810-311-21-455-9,cGMq14FQV1,true,LOP
514,Ario,Brumhead,06/27/1974,China,E406-532-94-597-0,c0622D9,false,LHK
515,Skell,Hudspeth,03/01/2007,United States,M811-663-04-496-8,NULL,true,VIL
516,Manolo,Tregona,04/02/2000,United States,NULL,c6qm9wT8Su,false,NTN
517,Cherilynn,Hannant,09/30/1991,Netherlands,NULL,cg5idSo8,true,ZNF
518,Romain,Broggelli,12/14/1968,United States,NULL,ci64812I,true,CYR
519,Scarlett,Clyant,04/19/1944,India,K480-188-18-206-8,ctn1wo47,true,BFJ
520,Hersh,Vallentin,06/04/1970,Chile,X718-128-90-680-2,c2v4b7Z,false,QGQ
521,Anatola,Mabbe,08/04/1972,United States,T568-065-30-256-0,NULL,true,ZCL
522,Sebastian,Filpo,05/07/1960,Spain,NULL,cP7hiKT,false,PUU
523,Janaye,De Fries,10/03/1991,United States,R922-669-96-596-6,NULL,false,LWB
524,Janka,Guillford,04/12/1999,Ukraine,NULL,cWGxRaV63T,false,AUH
525,Dolli,Kerss,12/30/1995,Turkey,NULL,cg176KU,true,GSJ
526,Pat,Bortol,05/04/1975,South Korea,NULL,ctGZ6jR6Th,false,LNJ
527,Magda,Skelton,11/11/2012,Netherlands,NULL,c13ON36qBV,true,GVX
528,Adham,Castilla,03/31/1960,United States,T239-479-61-706-0,NULL,false,BQS
529,Cyndia,McKerley,11/05/2017,Brazil,NULL,c8WR494B0,false,UIN
530,Jeralee,Spelman,06/29/1997,Hungary,NULL,cMU740U69,false,JAM
531,Donnajean,Bougourd,05/03/1976,United States,E095-240-56-710-9,NULL,true,TTA
532,Erie,Alonso,10/27/1943,United States,K029-183-52-340-0,NULL,false,GUA
533,Dulce,Somers,09/03/1961,United States,NULL,c7X3i7z11a,true,GCN
534,Richmond,Kittoe,08/14/1967,United States,F340-899-49-457-2,NULL,true,KVM
535,Mozes,Ferrieri,03/18/1953,Cuba,NULL,cJG8s6Lz3G,false,HAS
536,Koral,Vaisey,11/04/1963,United States,T137-098-00-550-9,NULL,true,WEI
537,Dari,Forrington,08/18/1949,Panama,Q803-128-62-395-6,c4d6oT5TNd,true,OIR
538,Maynord,Hexum,12/03/2001,United States,Q635-878-43-266-9,NULL,false,VME
539,Fax,Seeney,02/12/1971,United States,W160-167-01-216-3,NULL,true,KRK
540,Hilary,Finlayson,09/18/1938,United States,NULL,ci66EYx6v,true,TGJ
541,Ximenez,Girvin,06/18/2013,Netherlands,NULL,c90xL957j7,false,RYG
542,Frayda,Basketfield,11/25/1970,South Africa,Y511-853-88-940-0,cOUM423a0G,true,YNG
543,Rowan,Olland,03/29/1971,Cuba,E579-687-89-510-7,c66WlWV,false,BXN
544,Wilhelm,Blazewicz,03/02/1991,Panama,G175-952-01-709-1,c1T5Gao2Rt,true,FBU
545,Morgan,Wellbank,07/05/2016,United States,V503-676-52-095-5,NULL,false,MNG
546,Tate,Cottel,03/24/2001,Italy,NULL,c8gM9W24,false,RIL
547,Sidnee,Iacobini,04/18/2017,United States,NULL,c3R2vt9v1,true,FRZ
548,Ilse,Bristo,12/10/1953,United Kingdom,NULL,ci79x09tj,false,ELH
549,Nina,Sparwell,02/01/1936,United States,NULL,c1S388Nw,true,SXJ
550,Manny,Kloster,10/31/1972,United States,E174-793-88-033-3,NULL,false,BLN
551,Florence,Marsham,09/03/1964,Turkey,H810-754-73-801-1,c3Zj4x3HT,true,CZL
552,Savina,MacGray,11/14/1939,Ecuador,NULL,cek4v5tj,false,MUA
553,Grannie,Singyard,03/06/2000,United States,V422-655-75-442-8,NULL,true,MFQ
554,Alvinia,Peirone,05/01/2016,Bahamas,B169-193-47-562-6,c509ho8s,true,MPK
555,Jeno,Maddigan,10/13/1987,Greece,NULL,c92R1UG7,false,KGK
556,Maribelle,Beatson,04/08/1992,Puerto Rico,NULL,cN296210,true,SCI
557,Erskine,Rammell,12/20/1995,Russia,NULL,c6E36s5SZr,false,BGZ
558,Babette,Wotherspoon,12/05/1945,South Korea,NULL,cH642K1M9,true,VKG
559,Andre,Pelman,01/25/1991,Indonesia,NULL,cY907aNmlW,false,SUA
560,Gweneth,Sudddard,04/03/2003,Australia,G117-518-15-717-1,crd54T6,true,NCN
561,Erma,Iannelli,09/17/1983,Poland,G877-464-81-517-8,crACp63K8,false,GBD
562,Jessalin,Alldritt,12/22/2002,United States,I823-324-12-161-8,NULL,true,BEN
563,Peri,Bromfield,05/14/2001,New Zealand,U794-942-25-058-5,cEjZcnE,true,SHB
564,Niel,Ainslie,09/05/1977,United States,O116-135-73-704-0,NULL,false,KTL
565,Paige,Custy,06/03/2013,United States,NULL,cG02mMhl,true,BLJ
566,Thomasina,Darnbrook,06/16/1935,Puerto Rico,F069-345-20-019-3,c9j7Q2b8tU,true,OEL
567,Zabrina,Pinwill,01/14/1962,United States,F719-019-70-763-6,NULL,true,HLN
568,Tab,Kroger,12/27/1953,Panama,J268-008-84-488-0,cP5j8Mr5,true,EHL
569,Ardelis,Pershouse,01/28/1968,Trinidad and Tobago,Z297-504-86-922-4,cn6789Z,true,YYH
570,Gayla,Woolacott,06/14/1972,United States,NULL,cQHx95Qc05,true,QLF
571,Syd,Hammonds,12/18/2007,Italy,L789-639-09-074-7,cTUG5vbC55,false,YIK
572,Moises,MacGown,02/24/1966,United Kingdom,H548-483-98-645-3,cc2tno6i,true,BQL
573,Mortie,Lowe,08/09/1940,United States,NULL,c0mK2P4Hu6,false,SOW
574,Crin,Passman,12/28/1966,United States,NULL,cL5l6yEr,true,RTA
575,Reuben,McDonand,09/25/2018,Puerto Rico,O752-890-07-727-5,chrIl9ds,true,BDP
576,Jeannette,Rankmore,07/26/1989,United States,NULL,cB6642a36,true,CMP
577,Billy,Murison,02/14/1940,United States,I636-847-66-470-1,NULL,false,LJA
578,Jarrid,Ivory,08/22/2006,Jamaica,NULL,c5buNk9X87,false,CMN
579,Valery,d' Elboux,03/08/2020,United States,NULL,c4AG56Rawl,true,OSR
580,Sapphire,Ginnane,08/16/2013,South Korea,NULL,c5YxToPvqd,true,LJA
581,Audie,McGeachey,09/04/1959,Turkey,M096-434-87-292-3,c2d0Qai98L,true,VQS
582,Sibyl,Hambrook,09/20/1987,Germany,A398-047-73-913-5,cI8pDyTgzp,true,KSK
583,Garth,Macci,03/06/1936,France,NULL,c47786mR18,false,LSV
584,Clarabelle,Fleetham,03/03/2018,Barbados,NULL,cVIc4hvpF,false,DNQ
585,Lizbeth,Cumber,09/22/1984,United States,E045-356-97-979-3,NULL,true,YAZ
586,Cathi,Casina,10/10/1988,Sweden,H255-101-93-402-6,c360LRz27,false,PPL
587,Chan,Pemberton,03/14/1938,United Kingdom,V034-190-58-108-5,cSCg5I3V,false,YXJ
588,Mayer,Dixey,07/25/2009,Peru,NULL,cAPC5q0,false,KYZ
589,Phylis,McGinn,07/18/1945,United States,H122-178-59-322-8,NULL,true,KPN
590,Valentine,Playford,12/20/1988,United Kingdom,N737-682-32-974-9,covb5j781,true,WEI
591,Katuscha,Stable,11/25/1988,Hungary,N690-647-62-470-0,c406MP808,true,GVR
592,Chryste,Davidovicz,06/16/2012,China,NULL,ce4O3KO,true,NGI
593,Jojo,Wardall,08/02/1949,United States,M708-313-59-392-0,NULL,false,TPN
594,Cordell,Loncaster,02/11/1935,France,NULL,cPX1wZ6e8C,false,PHB
595,Alley,Ravilious,02/03/1939,United States,U802-578-89-060-0,NULL,true,FRU
596,Tersina,MacKereth,05/31/1935,Panama,NULL,cUQ532j8W,false,CIK
597,Findlay,Casella,04/01/1980,United States,NULL,cM230DT,true,PPR
598,Krisha,Benninck,10/08/1943,India,NULL,cy2jBq42pB,false,YTL
599,Roderic,Hovenden,03/06/1995,United States,NULL,c67KS00,true,CEZ
600,Hildagarde,Riddeough,08/22/1969,United States,M828-306-01-676-2,NULL,true,KNW
601,Bernarr,Stuck,05/31/1989,United States,NULL,cGmpBS62o,false,LIX
602,Mateo,Culross,05/06/1953,South Africa,W382-395-80-156-6,c8lkYC1,false,GXH
603,Theresina,Sacks,10/24/1935,Japan,NULL,cyT31D88WD,true,ERN
604,Ronna,Negal,12/09/2018,United States,T070-458-90-518-2,NULL,false,BHW
605,Corrina,Mahomet,11/16/1983,United States,NULL,cG8JOmGot,true,CRI
606,Edwina,Muckleston,01/23/2000,Sweden,Q074-095-94-222-2,c7pEEV6U,true,BTU
607,Mel,Swaite,11/29/1980,Russia,L546-506-64-761-1,c92vxJ16s,true,LNN
608,Jonathon,Finnie,05/21/1974,South Africa,X509-397-24-129-1,cf7U02C4rN,true,OGX
609,Essa,Alsina,06/24/1962,Ukraine,L828-251-91-479-8,cCsk7t1,false,CHO
610,Cilka,Sergison,11/05/1957,United States,L804-607-05-274-6,NULL,true,XMC
611,Evonne,Crossgrove,05/14/1980,United States,N305-037-18-863-8,NULL,true,TMS
612,Lonee,Brunn,02/18/2019,United Kingdom,NULL,c072H550,true,FYU
613,Ernesta,Lacey,12/25/1994,Uruguay,NULL,c96KM29vf,true,CJN
614,Dudley,Rains,06/09/1961,South Africa,NULL,c3mM4K3O6,true,JAD
615,Beck,Feaviour,12/23/1990,Sweden,NULL,cQq1Y62n,false,ECA
616,Almeda,Collopy,06/06/1976,Puerto Rico,NULL,c6O2341,true,LHW
617,Farly,Bonnell,09/27/2019,United States,NULL,c8pR15f0J3,false,KCH
618,De witt,Hannon,07/23/1985,Indonesia,R167-124-97-531-8,cTF2K0kNOJ,true,QPG
619,Charleen,Camies,03/28/2018,Puerto Rico,NULL,c7C89w06p9,false,FKJ
620,Jocelyne,Rimmington,08/06/1990,Indonesia,NULL,c5780C447,true,CXL
621,Cecil,Deshon,11/06/2014,United States,N914-213-12-310-8,NULL,true,MCG
622,Egan,Vassay,06/16/1952,United States,NULL,cXgw3142M,false,TKT
623,Kendall,Henner,07/28/1938,France,L863-934-81-427-7,cLs548744,true,BXE
624,Farand,Kinnard,12/31/1966,United States,NULL,cn2fyiYzK,true,EUF
625,Pattie,Leyrroyd,12/27/1980,Ukraine,G973-683-52-923-6,c4op62IO,false,OPS
626,Josefina,Duinkerk,02/07/2003,United States,NULL,c90KSm3Vi,false,FXO
627,Jens,Pendrick,01/17/1998,United States,NULL,cQ67f8MvvT,true,BGG
628,Rodger,Charon,07/19/2004,United States,NULL,c1Ea8J51fm,false,YLI
629,Genia,Yarn,08/30/1974,Greece,NULL,csSC9Z6,false,TIW
630,Sharl,Bockett,04/08/2012,Trinidad and Tobago,E244-680-07-078-8,c62HB828,true,MAS
631,Nicky,Freire,06/28/1981,United States,NULL,c271424N3f,false,CID
632,Teodor,Bassingham,04/27/1964,Puerto Rico,NULL,cz3shx5,true,MEA
633,Thalia,Itskovitz,06/16/1991,Mexico,NULL,c4J3P67XH4,true,LGS
634,Ingeberg,Dionsetto,03/06/2018,United States,NULL,cO721lgE22,false,NIB
635,Row,Dmitrichenko,10/03/1988,Barbados,NULL,c282B66TT,true,NTT
636,Finn,Egalton,07/07/1973,Indonesia,U329-634-65-667-0,cD8ihoz6,false,YOL
637,Esme,Beauvais,02/02/1942,United States,NULL,c1604758,true,PLQ
638,Guillermo,Gerbl,03/05/1949,United States,C979-209-53-447-7,NULL,false,SGE
639,Margaux,Szwandt,08/10/2006,Trinidad and Tobago,F444-308-01-890-9,cvYi2Vp,false,LTX
640,Sal,Geane,11/13/1942,United States,NULL,cFCe26i7B8,false,PEA
641,Rowney,Birtwistle,10/24/1965,Jamaica,D073-426-77-978-8,cJwIqc58,true,RVT
642,Claire,Gabbetis,12/10/1953,Peru,W892-845-92-155-4,c21wV0SF7,false,UTI
643,Scot,Cotte,03/14/1985,Netherlands,NULL,cV5J67337,false,IDA
644,Gaston,Roskam,11/15/2015,Germany,W102-585-83-399-6,c97Bdnpwm,true,CZE
645,Wandie,Calderon,04/22/2018,Morocco,E399-942-63-631-9,c7Dv4781k,true,JYR
646,Greg,Becconsall,08/26/2017,Ecuador,Y223-800-41-483-2,cia8U8A,false,KFS
647,Josey,Carrack,05/11/2002,Spain,P528-855-18-838-6,c638EL20K,false,SFL
648,Rina,Dougan,10/20/1945,Egypt,NULL,cBBm3SOO,false,MXP
649,Farleigh,Fildes,10/02/1995,Puerto Rico,Q461-707-96-420-1,cj7V427,true,VHY
650,Noemi,Dinsey,11/22/1937,Netherlands,NULL,cJ5ggozp,true,NGU
651,Joell,Guiduzzi,01/27/2011,Turkey,N053-134-16-633-3,c7AT86Ph2s,true,SJZ
652,Renata,Esel,03/18/2009,United States,N279-610-76-105-6,NULL,false,PFN
653,Arleen,Cotesford,12/24/2006,United States,NULL,chI87B8c,false,NUE
654,Torrie,Spruce,06/04/2015,United States,J922-949-36-375-1,NULL,false,EDD
655,Brodie,Longwood,07/22/1982,Spain,NULL,c6A47Q0l7H,false,VCA
656,Darci,Tilte,11/09/2003,Italy,V885-966-75-789-8,c5P2tDjjl5,true,JOJ
657,Katherine,Dixcey,07/13/2005,Greece,NULL,c0cmHg74gE,false,BMI
658,Leesa,Batstone,09/27/2000,Japan,V412-585-42-070-2,cop8w849,true,UYL
659,Gery,Chittey,11/18/1937,United States,N320-178-69-869-0,NULL,false,LYX
660,Jolynn,Flude,07/11/2000,Indonesia,NULL,c5123930o0,true,NIT
661,Samara,Breton,10/25/1990,Philippines,NULL,c0hY2H887,false,MST
662,Cheryl,O'Keefe,04/10/1999,United States,NULL,c1E1ku4,true,ROK
663,Gayla,Ellerman,09/24/2008,United States,C225-941-55-296-9,NULL,true,BOC
664,Allys,Jans,10/05/2017,Hungary,G415-988-81-490-1,c1M5193,true,MTV
665,Marcelle,Spon,02/01/1955,Mexico,K224-073-47-338-4,cn9W03K,false,HLT
666,Amelie,Sketcher,04/12/1970,United States,S717-291-80-719-7,NULL,false,SDT
667,Sissy,Palffrey,10/06/1995,Peru,NULL,c8i2c1r61A,true,IXH
668,Minnie,De Santos,06/23/1975,Australia,Q315-636-09-681-1,c4v225D,true,OPU
669,Caroline,Fosdike,01/11/1949,United States,NULL,c9I7BxF051,false,KGO
670,Shep,Hardy-Piggin,11/26/2001,Canada,I621-316-34-590-4,c876u5746,false,ROB
671,Vittoria,Loutheane,12/28/1953,United States,NULL,c4Fu0Ix5,false,YMO
672,Conant,Weems,08/29/1968,Puerto Rico,Z897-040-82-585-9,cJ3fJ49E9y,true,UFA
673,Tully,Bounds,11/26/2015,United States,NULL,c514v90Fv,true,ASB
674,Robinson,Rupel,02/11/2005,United States,F586-500-73-499-7,NULL,false,VVC
675,Silvia,Tebbitt,06/04/2019,United States,J681-305-09-370-3,NULL,true,CGZ
676,Wald,Duetschens,09/08/1957,Chile,C215-999-70-145-6,ctq0r5k,true,YMA
677,Linea,Garraway,03/07/1966,Jamaica,E032-729-48-458-2,c73nc9O84,true,FIG
678,Lauralee,Cahan,09/16/1936,China,H497-875-95-872-9,cftkg1Y,true,BDS
679,Jase,Rowantree,09/16/1957,Philippines,C830-786-87-551-4,c5U0f0c5,true,XTO
680,Dannie,Oggers,08/08/1988,Ukraine,P035-121-73-203-5,c438vP7915,false,PIK
681,Stacia,Ceci,05/02/1953,United States,NULL,c69q096,false,KOO
682,Tabitha,Kervin,07/20/1969,Russia,W456-888-68-790-5,c3N24rWQB,false,BBL
683,Carlyle,Peche,05/04/2010,United States,NULL,cw9A3rn09,true,YSQ
684,Madel,Sparshett,05/13/1987,United States,L303-279-91-742-2,NULL,true,SLJ
685,Shaun,Vinecombe,09/08/1989,United States,NULL,cmC9AzeVxk,true,HKD
686,Thornie,Newsham,03/02/1998,United States,NULL,cG64YJ63sq,false,NZY
687,Dewitt,Shelbourne,04/01/1938,Ukraine,C350-870-85-656-4,cm1N4947R6,true,AHS
688,Krishnah,Esslement,06/14/1988,South Korea,O829-730-45-991-8,cs7BHlgR5T,true,FLD
689,Emalia,Vlasenko,01/26/1938,Uruguay,NULL,cXucqc2,true,LTS
690,Dew,Kennet,05/08/1990,Italy,L011-860-14-087-3,c21906C,true,FTA
691,George,Sabati,06/14/1994,United States,D354-687-45-210-6,NULL,false,DMB
692,Burlie,Ebanks,10/24/1969,Spain,Q945-903-80-945-0,coigVC335,true,EGH
693,Carolin,Egdal,12/06/1950,United States,NULL,cPX6ft28,false,SYW
694,Angelica,Willbourne,05/17/1948,United States,NULL,cg9Q4g137M,true,PVL
695,Sharleen,Goodyer,10/28/1976,Bahamas,NULL,c884x06A,false,LSE
696,Guenna,Banthorpe,02/08/1978,Mexico,K125-522-33-069-6,c76yk055,false,FRW
697,Kimmi,Labbett,02/26/2015,South Korea,NULL,c4Vp099v1,false,KNO
698,Winfield,Agronski,10/21/1990,Sweden,NULL,c967r9uJ,false,BJF
699,Jose,Semerad,11/27/1948,United States,M233-410-29-694-2,NULL,true,VAR
700,Katrina,Hazelden,09/01/1975,Germany,A872-022-14-284-4,cC0I4H7P,false,WHF
701,Brandy,Hulle,08/19/1980,Egypt,NULL,c60me02w95,false,JNN
702,Bambie,Huddle,11/09/1950,United States,NULL,c4G86482,true,DU9
703,Lucie,Peters,08/11/1945,Hungary,NULL,cM9187G,false,GID
704,Gardener,Tompion,05/19/1996,Panama,F659-224-58-452-4,c47gX9x58h,true,MAQ
705,Ahmad,Muncey,12/25/1995,United States,NULL,cd9GG67,false,WST
706,Yvonne,Ellcome,12/14/1989,Philippines,NULL,cC3la8H3,true,BFH
707,Karina,McCray,09/25/2006,Philippines,NULL,cQdk046,false,MCE
708,Deck,Lackey,05/28/2010,South Africa,NULL,cP855Y458D,true,WRT
709,Lothario,Pes,04/10/1981,Germany,NULL,cN3ynfDG2,false,MJD
710,Karmen,Melloi,09/24/1972,New Zealand,C647-989-38-583-1,cscg433G8,true,GHT
711,Odella,Baudesson,06/29/2010,Costa Rica,NULL,c863Epdqe4,false,ATO
712,Celinka,Rizzolo,12/31/1983,United Kingdom,NULL,cQ78mH82,false,BSG
713,Miran,Bazely,10/21/1986,United States,M138-524-87-533-8,NULL,true,GNZ
714,Willard,Dearman,10/28/2017,United States,W743-304-79-079-7,NULL,false,HZK
715,Claire,Deroche,10/30/2018,Hungary,Y761-292-10-837-5,c1S5oL0,false,SJC
716,Cody,Biddles,02/14/2014,United States,R327-364-48-581-3,NULL,false,KYA
717,Reggie,Stone Fewings,06/21/1963,Hungary,NULL,c2861pCu9,false,BFD
718,Deloria,Thirtle,01/15/1994,Jamaica,D524-901-91-046-2,cgUkQw3b,false,ZFD
719,Spense,Saiger,09/26/1991,Dominican Republic,C072-075-10-255-6,c6E1038,true,BZA
720,Birk,Knocker,03/28/1941,Egypt,NULL,ckI1755G3,true,PHD
721,Harmon,Piquard,05/10/1943,Turkey,NULL,c3RuF7y06,false,SQX
722,Joe,Revance,08/10/1951,Jamaica,NULL,c40r1q375,true,YMO
723,Jazmin,Letterick,11/03/1950,United States,Q624-511-56-130-1,NULL,true,LNR
724,Maribel,Ploughwright,01/14/2006,South Africa,M690-005-46-099-6,cN11V9B,true,ANE
725,Kelli,Renshell,08/24/1999,China,NULL,c9548Alm71,true,TPH
726,Ezri,Brammall,04/20/1979,Cuba,N093-861-93-961-9,c4zOEO44,true,CAE
727,Shane,Jacobs,07/19/1981,Bahamas,M489-670-13-529-2,c656J021,true,VVO
728,Angeline,Alkins,08/05/2009,Sweden,E982-890-58-696-0,c0WKj46v,true,OSU
729,Phaedra,Casburn,08/03/1988,China,O506-704-27-362-1,cfL7PL1l,true,BRM
730,Rene,Danslow,08/31/1989,Peru,NULL,c5W307I,true,ULZ
731,Felicio,Bear,12/18/1980,United States,Y168-649-77-691-5,NULL,false,GYG
732,Allene,Willcocks,06/28/1986,United States,NULL,cjuADuQqen,true,MEI
733,Roth,Yushin,03/02/1960,Philippines,H787-633-52-451-7,cW897r6,true,AKP
734,Linn,Mowsdale,04/17/1979,Turkey,G192-036-01-754-9,c0zjx88,false,NDB
735,Gabey,Moorfield,06/05/2006,Trinidad and Tobago,U706-182-90-835-9,cA07bcmTm,false,LNB
736,Calvin,Mutton,12/03/2000,United States,G973-485-13-567-3,NULL,true,MCG
737,Sanderson,Littrell,07/10/1997,United States,K358-586-11-785-2,NULL,false,CEB
738,Paco,Ioannidis,01/14/1997,Australia,E220-386-86-626-5,c0f5P64,true,NCR
739,Bard,Hatrick,04/07/1961,Costa Rica,P890-928-16-587-7,cK982VSJt,false,PYK
740,Dani,Dornan,07/04/1943,Uruguay,NULL,cBf3p10Rn,false,BZC
741,Yoshiko,Vamplus,11/30/1987,Sweden,NULL,c5p06ZZ6I4,true,LSI
742,Allard,Hazel,01/29/2015,Peru,NULL,c0466S61,true,RGI
743,Jedd,Crips,01/31/1947,Uruguay,V635-033-82-132-2,c8r1i792,false,NZA
744,Tibold,Pheby,04/21/1980,United States,NULL,c54715t203,true,ORY
745,Gilburt,Charrier,02/13/2000,Mexico,NULL,cF1KrCdi3,true,IXT
746,Kendell,Winterton,08/28/1949,Peru,H009-866-41-463-0,cYBm122841,false,YPO
747,Paulita,Langcaster,01/22/1983,United Kingdom,N138-570-96-203-7,cQh7dv501M,false,BOJ
748,Waring,Biddwell,09/28/1963,United States,NULL,c9rz6Dk,false,AVN
749,Regan,Hirsthouse,09/30/1965,Spain,Y913-861-88-205-0,c05LPEw65,true,GAJ
750,Lydon,Grinsdale,04/23/1954,South Korea,NULL,chHN6033L,true,NVK
751,Kerrin,Larchier,08/06/1997,France,NULL,cN5z2804ua,false,FSC
752,Con,Curuclis,08/05/1999,United States,NULL,chtp1mn,false,TUI
753,Kara-lynn,Streak,10/25/1990,United States,NULL,cEd88Kv5E,false,YUD
754,Malva,Wilfing,09/03/1961,Japan,NULL,c393JyT,true,SHP
755,Iona,Childe,03/19/1998,United Kingdom,NULL,c6CHk6B5,true,WJR
756,Godfree,Matthews,02/25/1948,Greece,NULL,c43PO6ZC1,true,SDY
757,Miriam,Alyukin,01/29/2003,Cuba,NULL,c4o0aD6684,true,NMS
758,Milton,Cudiff,02/05/2016,South Africa,V294-539-83-140-0,cL8JUT891,false,PRN
759,Gerard,Vatcher,03/12/1955,Barbados,M076-480-78-506-3,chNx0oy3,true,YCY
760,Pauletta,Elcombe,01/14/1949,Bahamas,W079-754-76-227-2,c6y9N63,true,BAD
761,Meredith,McKeurtan,10/18/1960,Uruguay,NULL,c64aF85Gg0,true,SUP
762,Maye,Russe,07/10/1986,United States,D421-176-96-268-1,NULL,false,HID
763,Olivie,Gumm,05/22/1946,Puerto Rico,Y866-742-10-278-4,c925u9109,true,AKL
764,Adel,O' Byrne,02/23/1947,United States,J912-312-62-474-6,NULL,true,OCF
765,Roz,McNeely,09/13/1939,South Africa,NULL,cXK06q65,false,WKK
766,Aurthur,Hellier,02/28/1971,United States,F768-736-22-083-4,NULL,false,ANF
767,Louisa,Pinare,11/30/1986,South Korea,G688-953-26-260-0,c8887J9,false,ZGU
768,Charlotta,Hutchinges,07/15/1992,United States,NULL,c193n3Tp,false,PEQ
769,Ginny,Buddell,02/27/1958,Peru,R772-385-89-287-3,c0f3tt7k,false,PRI
770,Priscilla,Manes,01/20/1980,Hungary,NULL,cef2590ld,false,ALH
771,Sissy,Rampling,05/31/1969,Canada,G989-825-11-633-9,c6j10ny2b,true,GUB
772,Guenevere,Antczak,03/11/1960,Sweden,NULL,c2LAoYE64,true,BNE
773,Hilliard,Diaper,06/15/2018,Barbados,R514-551-39-322-8,c99Q83xRl8,false,ALC
774,Fredrick,Keyme,11/28/1979,France,NULL,cFL3i63,true,TSY
775,Torr,Kaye,09/04/2009,Hungary,NULL,c0f6lz2,false,DIU
776,Berget,Fairhead,07/19/2002,Portugal,NULL,cQN40g1Nd,false,CNQ
777,Vinny,Dewett,11/11/1984,Turkey,M105-045-16-615-4,cj5x14pl8,true,YZV
778,Jacquie,Giannazzi,03/15/1942,Germany,B638-087-15-240-7,cz2P9Qi,true,GXH
779,Elsi,Burvill,04/20/1973,New Zealand,S464-609-55-691-0,cJ2w7QPdG,true,PHW
780,Ragnar,Filer,11/22/1945,Germany,NULL,c2J78N5C,false,BMB
781,Johannes,Ebdon,08/06/2018,South Africa,NULL,cy3992sg0,false,CFO
782,Cherish,Lochran,10/29/2019,United States,W038-084-42-456-1,NULL,false,SUJ
783,Abbie,Antonazzi,09/11/1967,Sweden,O562-663-14-283-4,c596CS4,true,CTD
784,Kalle,Hamson,10/05/1990,Indonesia,R928-855-35-954-6,c0u571ZN3,false,HCW
785,Gusty,Maltster,01/31/1967,United States,T360-783-62-135-9,NULL,true,UNI
786,Evered,Loidl,12/17/1977,India,C550-360-83-425-3,c5mdYcP27,true,ANI
787,Elfie,Diddams,08/19/1995,Spain,O220-079-39-934-1,cWs9SakraM,true,YXP
788,Malissia,Steven,05/14/1958,Germany,S785-274-20-182-9,cCgh6434K,true,DCT
789,Siffre,Thomelin,03/29/2007,United States,NULL,c6Mi3i3,false,PSY
790,Beatrix,Trendle,02/29/1976,Portugal,I757-950-82-471-1,cefQ7P8U6,true,EGO
791,Alecia,Beresfore,05/04/1950,Ukraine,NULL,c3rEvoa,true,DWA
792,Shelagh,Rosenwasser,01/08/1973,Chile,Y460-035-04-652-6,cE31631Q2,true,VCL
793,Joelle,Loseke,06/06/1951,Uruguay,K484-451-40-089-3,cl74367S71,false,YYU
794,Ari,Spiers,06/13/1979,South Africa,NULL,cTbO8031K,true,DCT
795,Arny,Carder,02/15/2007,Panama,F747-431-90-947-9,c5MTc9K523,false,YMN
796,Clemmie,McGrirl,10/07/1964,Costa Rica,Q666-988-66-612-9,cPbMl97W4,true,GAQ
797,Marie-ann,Otto,01/24/1989,South Korea,Y267-687-57-976-4,cMtJO7dJ,true,SAA
798,Meggi,Beaudry,05/19/1962,Canada,E689-571-23-978-8,cG9n81UJ,true,LFR
799,Nerita,Carillo,05/08/1983,United States,O019-718-53-119-7,NULL,false,FNR
800,Shea,Suggey,08/29/1954,China,Y031-714-55-068-5,c3T63604N,false,SUA
801,Evin,Baraja,08/21/1942,Peru,K448-922-37-243-2,c1J25206C4,true,JAF
802,Hodge,Codeman,09/05/2006,United States,R915-484-72-362-0,NULL,false,TLS
803,Audra,Mullis,08/17/1973,Italy,NULL,c181551,true,GUA
804,Gigi,De Maria,07/24/1987,Philippines,O131-680-62-303-9,c683894,true,JIA
805,Clark,Aysh,03/11/1987,Ukraine,T855-835-42-046-2,c7E56q7o71,false,YCC
806,Paxton,Casey,06/22/1964,Spain,NULL,cvdt0z5xH,false,LLY
807,Catherina,Scaplehorn,09/28/1993,Costa Rica,I469-680-71-065-7,cyj9tpBR,false,ACT
808,Hale,Shovelin,04/29/1943,United States,X583-589-91-320-9,NULL,true,YKY
809,Berny,Hitscher,10/28/1996,United Kingdom,M165-130-31-686-3,c3t9bC8,true,GLD
810,Randi,Rubbert,04/25/1958,Ecuador,N042-793-82-330-5,cR7nH70B5,false,HOS
811,Dennie,Van Son,04/09/1999,Poland,E314-572-90-914-1,c98y1ZnXM,false,RHO
812,Junia,Frankcom,07/08/1956,United Kingdom,NULL,c382k4n2,false,MAE
813,Magdalene,Copeland,07/08/2014,United States,X370-082-79-507-6,NULL,true,BJF
814,Cassandra,Emilien,07/13/1959,Poland,NULL,c0b5W3313,true,ROV
815,Kamillah,Edge,06/23/1971,Netherlands,D911-181-86-550-6,c2FpML76,false,CIY
816,Melessa,Cayton,10/19/2003,South Africa,Y969-970-36-208-3,c6BA33DR,false,SZS
817,Peirce,Yushin,09/13/2015,United States,T687-932-96-125-9,NULL,true,BBL
818,Cecil,Zoanetti,03/16/1972,United States,NULL,cg9ssd69,true,PVA
819,Phyllis,Sineath,11/04/1966,United Kingdom,N578-554-04-467-3,c21L713,false,AMH
820,Cullen,Kenny,04/11/1967,Japan,NULL,c9Hx3s2,false,KAW
821,Belita,Sproson,01/22/1985,South Korea,F759-381-22-778-6,c3nX2I699,false,MRY
822,Deloria,Sansom,09/01/2004,South Africa,NULL,cd5B653p,true,CBO
823,Kissee,Joinsey,09/24/1997,Australia,T101-114-35-249-9,c5556r74h,true,TMA
824,Reece,Hogsden,03/14/1962,United States,Y266-675-05-743-7,NULL,true,MEU
825,Tudor,Dudding,11/28/1946,United States,J465-779-44-995-2,NULL,true,VAS
826,Levy,McGeever,08/18/1945,United States,N018-026-08-618-7,NULL,false,TCZ
827,Riki,Lawrenz,09/01/1971,Canada,B038-582-48-473-6,cg470P49iN,true,SPC
828,Bessie,Bolzmann,07/13/2007,France,NULL,cp02o29,false,LNY
829,Bunnie,Southgate,09/28/1981,United States,NULL,cn4Ay8K4n,false,CPB
830,Sheridan,Coldbreath,06/13/2001,Morocco,R640-095-53-930-2,cJ44v3928R,false,CNM
831,Roth,Hencke,01/01/1968,Poland,L601-244-07-409-9,cunG4a7,false,TKG
832,Jard,Stanett,02/04/2013,Italy,B364-788-38-335-4,c2Ax2qo,false,MYU
833,Bertram,Wivell,03/07/1946,Costa Rica,NULL,c181w9J,true,LUH
834,Sergeant,Eveleigh,07/21/2010,United States,NULL,c57i9u0,true,NDC
835,Giselle,Brigge,05/31/2012,Jamaica,F778-772-58-292-9,c1b37WJ,false,OMF
836,Myron,Glasner,10/31/1940,United States,N806-716-74-656-7,NULL,true,VAV
837,Clemente,Largent,10/28/2011,Philippines,J241-106-99-585-0,cC9OLc75S8,true,RHD
838,Pam,Swindon,12/03/1977,Cuba,NULL,c3k8v3x,true,CBN
839,Con,Jedrzaszkiewicz,03/14/1973,France,NULL,cM3h2RATO5,true,KHI
840,Ardath,Doumerque,02/12/1988,United States,NULL,ckj25A2WI9,true,TGQ
841,Arliene,Northfield,01/29/1954,United States,Q457-961-96-701-6,NULL,true,CNG
842,Pauletta,Beddow,05/04/1984,Panama,NULL,cW40435CL,true,KVM
843,Tiler,Baudone,10/19/2016,China,V765-201-23-844-2,c540C0P,false,YWH
844,Crosby,Rollason,09/28/1944,United States,NULL,c6QLGOD,true,KUC
845,Jessalin,Franschini,09/10/1948,Ecuador,NULL,cJ47xv0,true,MZU
846,Sophey,Caulfield,05/14/1941,United States,NULL,cpD0E988U,false,OZC
847,Winslow,McDonough,03/25/1978,Jamaica,L562-201-27-442-2,ck619ra,false,YRF
848,Beverly,Jurasek,07/14/2009,Canada,Q058-880-82-699-0,c8s76e1,false,NBG
849,Wendie,Bremmell,01/02/1941,United Kingdom,W059-860-76-003-1,cK9Eq42n6Y,false,SLP
850,Lil,Sanham,11/01/1980,South Africa,NULL,cw59OMhS,true,BNM
851,Willy,Delacour,11/16/1953,Indonesia,NULL,c8N14hSM,true,YYY
852,Antons,Clixby,08/05/1947,Costa Rica,NULL,cI8EThLW5,false,YVP
853,Amos,Deschelle,10/10/2019,United States,NULL,c6dO2fW37y,false,SRH
854,Desi,Payne,09/08/1985,Trinidad and Tobago,K248-969-65-256-4,c54p2c96A5,true,SNN
855,Hettie,Hankin,01/21/1967,Germany,F246-902-28-668-7,cJOy302,true,LYB
856,Hetti,Hazley,06/26/2007,United States,H664-637-31-666-8,NULL,true,BXB
857,Brander,Pleming,07/09/1951,United States,I530-335-11-879-4,NULL,false,BIK
858,Kenneth,Prati,11/07/1959,Philippines,S373-395-71-434-7,c808R9A4h,false,RSS
859,Erin,Minchindon,01/26/2001,United States,NULL,c5G3I6Ju,false,UNA
860,Leilah,Rosenbaum,06/01/2018,Poland,NULL,c6my03J15Z,false,OSD
861,Traci,Larn,02/19/1977,Trinidad and Tobago,L542-386-71-330-5,c3Y9j3PM62,true,WJF
862,Onfroi,Frankowski,05/06/1971,Costa Rica,NULL,co4757s8T8,false,EOH
863,Walther,Kennaird,09/25/2003,Ukraine,NULL,c3K7PGe863,false,RZS
864,Alidia,Boggas,02/02/1993,South Korea,NULL,c0c8bnC0,true,KAZ
865,Rosaline,Morsley,11/17/1979,Morocco,NULL,cx9666PS0T,false,TNN
866,Edgard,Calverd,04/03/1969,Japan,S924-165-14-544-3,c94P7b35j9,true,ABI
867,Briana,Maylam,08/01/2018,Canada,F536-394-25-028-0,cc9y46OKK3,true,ARM
868,Saloma,Horsted,09/07/1985,United States,B852-214-85-541-2,NULL,false,DMM
869,Kerri,Scrivinor,04/13/1936,United States,NULL,cJ1rKg249f,true,KPC
870,Marnia,Booth,06/11/1998,United States,R922-820-49-408-4,NULL,false,IGD
871,Peyton,Stenning,05/19/1982,Japan,NULL,cLWlvRs00,true,QYD
872,Giacinta,Scarlett,09/22/1959,Panama,A847-785-18-026-1,ch85sp3c,false,HSM
873,Nickey,Raffels,01/21/2010,United States,U383-522-78-675-9,NULL,false,NGO
874,Alane,Stobbe,03/14/2013,United States,T805-447-65-429-8,NULL,true,AIZ
875,Regan,Muck,02/06/2006,Ecuador,NULL,c43e8qU6Ov,true,NIG
876,Kore,Eathorne,01/22/1936,United States,P829-684-99-504-8,NULL,true,UVA
877,Cherey,Greenshields,02/18/2006,Australia,NULL,c0U5Q6Rn8,false,MHQ
878,Petronilla,Gillbard,04/25/1941,Russia,E296-759-59-142-0,c121Lf24N7,false,YHT
879,Gene,Auton,03/28/1983,Mexico,NULL,cPpy8a6,true,LRH
880,Marthe,Benzing,03/14/1969,United States,N555-717-80-180-5,NULL,true,ACZ
881,Diane-marie,Johnston,07/03/1943,Chile,NULL,c60L00636k,true,XRR
882,Cornall,Gillicuddy,12/24/1990,United States,NULL,ccN0Mby300,true,BEF
883,Davine,Gillinghams,05/23/1960,Uruguay,O025-614-67-920-0,c0SoFwzV,true,GIU
884,Kimble,Whoston,11/20/2004,United States,B494-201-96-479-6,NULL,true,SYA
885,Lacie,Bordman,07/29/1976,Netherlands,I635-147-00-734-8,c955G64820,false,GSB
886,Kipper,Boshell,11/27/1937,Chile,E995-323-61-812-6,cl509S29,true,AGT
887,Nick,Pennicott,12/30/2014,Indonesia,D412-562-65-712-5,c289v1C6W7,false,OZR
888,Devin,Card,07/20/2009,Russia,O930-033-61-234-9,cKsq30g,true,LYN
889,Braden,Weddeburn - Scrimgeour,03/16/1940,Dominican Republic,NULL,c464C023,true,RHI
890,Sephira,Harroway,11/26/1965,Australia,R320-625-97-518-2,c5mg27B,false,JCK
891,Lotti,Arnaudi,08/24/2002,South Africa,K122-570-16-281-8,c4692z91Y,false,MEU
892,Kristian,Duferie,12/17/1957,United States,E201-915-09-787-7,NULL,true,LLE
893,Jerrilee,Coniam,01/09/1983,Hungary,J549-005-53-249-9,c7rW602,false,LEK
894,Liane,Rickersey,06/07/1975,Italy,B376-119-82-828-9,cB9Wa76,false,FBA
895,Nat,Raubenheimer,04/02/1990,South Korea,E323-896-90-474-3,cEQ3x4628o,false,IOR
896,Lennie,Botton,12/20/2006,Mexico,NULL,ci6s22npU,true,QLD
897,Zebulen,Adamovich,06/14/2006,Uruguay,NULL,cB5L017,false,NTQ
898,Maureene,Crichley,03/22/2003,United Kingdom,NULL,cbtnDCcg98,false,UNK
899,Pepe,Woodfin,07/09/2004,United States,NULL,c9Q3DmeeC,false,MJL
900,Verena,Fredson,08/29/2002,United States,Y322-042-33-023-4,NULL,false,DWH
901,Kalle,Blest,09/16/1960,Spain,NULL,c12lY4P,true,TTU
902,Hartley,Bellfield,11/13/1990,Greece,M935-029-54-422-9,c34J3HK3,false,KIW
903,Kathy,Weakley,09/24/2010,Canada,R094-839-90-546-0,ceg3412U9,true,MTJ
904,Maggie,Kleinber,10/25/2003,Philippines,NULL,cn2yy079R,false,YGQ
905,Darrick,Slimm,05/06/1936,United States,NULL,c8d14qGR7,false,XLS
906,Malena,Laidler,12/04/1982,United States,NULL,c8E24g3F73,true,KRP
907,Rollie,Treadgear,06/02/1937,France,NULL,cUU0c1GDw0,false,NTT
908,Maureene,Parysowna,12/26/1977,Dominican Republic,NULL,c91kOZHHK8,true,ILQ
909,Bernarr,Plaice,05/26/2016,Morocco,P923-994-31-773-4,c0bnbZav,true,OKI
910,Tonye,Banaszczyk,12/10/1946,Russia,NULL,c770Ebf,false,PDP
911,Lidia,Farens,01/25/1964,United States,NULL,c6eO271s,true,FIZ
912,Yank,Cowndley,04/08/1937,Brazil,NULL,cLv884R8,true,VEE
913,Kerwinn,Everex,04/01/1949,United States,NULL,ckVW2U12H,false,TCP
914,Koressa,Ades,11/10/1948,United States,NULL,c55y629,true,PMZ
915,Courtnay,Ferretti,04/17/2009,United States,NULL,c2876V6,false,ESM
916,Dale,Puddin,09/02/1998,United States,Z609-241-61-622-8,NULL,false,PUE
917,Brady,Poultney,02/02/2008,Uruguay,NULL,c699WnAgm,true,HMB
918,Giffie,Durtnall,01/30/2000,Barbados,T810-292-22-568-8,c24Z12t,true,TJG
919,Catriona,Garlinge,05/13/2004,France,W550-914-31-923-9,c0Tf61e809,true,YFJ
920,Anallese,Rault,03/16/2016,United States,Y395-582-57-481-2,NULL,false,MBU
921,Kane,Koppens,11/19/1991,Portugal,O144-765-82-051-0,cB006870s,true,OCN
922,Kimberly,Suggett,02/03/1992,United States,C665-816-31-123-7,NULL,true,MOQ
923,Hulda,Jeckells,09/18/1946,United States,Q778-775-82-567-4,NULL,false,ODE
924,Harv,Bownde,02/20/1990,United States,NULL,c92T7cHV,true,BLV
925,Taffy,Jinkinson,01/25/1988,United States,NULL,cOOW3ee4,true,RPB
926,Merill,Defond,07/19/2014,Uruguay,NULL,cj1Yo2v06c,true,FLS
927,Ervin,Wearden,12/29/1940,United States,I274-595-46-164-7,NULL,true,KIX
928,Alie,Megarry,12/06/1943,United Kingdom,Q271-670-95-072-8,cd7q81d5W,false,MOL
929,Rodie,Claussen,02/23/1956,Trinidad and Tobago,O140-066-98-132-3,c15L1IdO,false,TUO
930,Collin,Williscroft,09/04/1955,Chile,NULL,cLAk458,false,SAL
931,Shaylynn,Alten,01/25/2017,United States,NULL,cdja051G7,true,BXN
932,Branden,Dimanche,10/26/1999,United States,P075-613-87-528-8,NULL,true,HAQ
933,Jacqui,Hillatt,08/06/2002,Bahamas,NULL,csFH6L2t,false,ULU
934,Isabelita,Pearcehouse,01/14/1979,United States,T828-846-76-891-8,NULL,true,GJL
935,Alexia,Benedict,05/24/1975,Russia,NULL,cps28847,true,YNB
936,Jamie,Doorbar,10/28/1981,United States,N574-974-10-280-7,NULL,true,PTY
937,Ingeborg,Basford,07/04/1961,Trinidad and Tobago,NULL,c170o1KG,false,PBZ
938,Eryn,Colleymore,08/05/1988,South Africa,O739-569-88-137-2,c84o1SJ,true,KAU
939,Garrard,Heinel,04/15/1961,United States,NULL,c01v98eQq,true,VAD
940,Coralie,Drohan,08/16/2008,Sweden,NULL,cQ50X8Kx,true,GHF
941,Berny,Ochterlony,12/27/2017,Sweden,L521-831-65-238-4,c9q5zWaYy,true,GUM
942,Udall,Youthed,08/14/1994,United States,NULL,cxmVYh110X,false,BBP
943,Thibaut,Loxton,03/22/1999,United States,H514-055-77-248-5,NULL,false,DMN
944,Annelise,Titterrell,01/04/1994,United States,NULL,c98bL3i6y,false,ENH
945,Clea,Ennals,11/24/1991,United States,A605-913-83-280-4,NULL,true,KEW
946,Billye,Scholte,11/23/1963,Uruguay,W711-491-08-520-9,c82SP000,true,LPL
947,Graham,Vasilov,07/06/1967,Greece,NULL,c483Gh47R0,true,NRN
948,Gaylor,Trout,04/11/2011,Jamaica,M286-247-08-592-5,cSAuS0n,true,PSY
949,Alina,Peegrem,08/25/1938,Barbados,Z916-162-76-180-8,cI0350mm4,false,SAQ
950,Kristy,Karpychev,09/16/1954,Chile,NULL,c0682HQG,false,ZNZ
951,Annadiane,Gemmill,02/28/1991,Portugal,P531-675-63-066-1,c54J67L6v,true,YUY
952,Carl,Kadwallider,12/06/1989,Greece,NULL,c1P88Be,false,DAV
953,Joyous,Camock,06/29/2006,Morocco,F974-433-40-817-0,cu46ns4en,false,ZHI
954,Adria,Fodden,09/08/1961,United States,NULL,cc30l09T,true,UPL
955,Adiana,Franz,05/20/1937,Peru,O698-313-03-003-2,c37q5Jz,false,NAH
956,Correy,Salsberg,04/05/1992,United States,NULL,cD1F1a2,false,WMI
957,Colleen,Patton,09/27/2007,Italy,NULL,cP1R81484,true,FCS
958,Slade,Soreau,06/03/1978,South Africa,X808-351-75-860-8,c63599b,true,RKE
959,Bat,MacSkeaghan,03/06/1981,United States,T091-643-57-785-3,NULL,false,HEL
960,Blayne,Vala,07/09/1991,China,NULL,cI4c08443,false,JFK
961,Kerby,Charlesworth,07/17/1993,Ukraine,Y737-763-24-321-4,c0Y128p,false,MDY
962,Augy,Mogford,06/01/1947,South Africa,L845-862-83-004-4,c99i734T,false,PIF
963,Jordan,Steabler,01/15/2013,Australia,NULL,c2D90191M1,true,YCD
964,Susy,Flode,11/26/1985,United States,J790-657-85-188-7,NULL,true,TYF
965,Pail,Heggie,07/29/2016,United States,X354-723-92-812-1,NULL,true,LAF
966,Filide,Berget,04/10/1948,United States,E891-331-24-497-4,NULL,true,DHT
967,Neysa,Rzehor,03/09/1966,Panama,I093-168-74-630-9,c8ctsU5u5w,false,DOL
968,Germain,MacMaster,10/07/1948,Peru,NULL,c1ri9r3AQ,true,LZH
969,Storm,Hamlen,08/18/2005,Italy,NULL,cW5WS8Fwv6,true,SHE
970,Sherri,Dreng,03/26/1998,Australia,NULL,c54BU5AN84,false,CHQ
971,Gratiana,Herrema,05/30/1961,Sweden,NULL,c47250842H,false,JHG
972,Gwendolin,Nathan,08/26/1995,United States,E443-192-03-903-7,NULL,true,BGO
973,Carolin,Fasey,06/12/1973,Netherlands,J231-497-42-265-0,c1M0Vvh8H,true,ARD
974,Bell,Hamerton,01/11/1957,United States,NULL,c54oY09v,false,DMD
975,Cherrita,Donald,06/15/2005,United States,NULL,cF6VQ39O4E,true,MKZ
976,Goddard,Basezzi,01/02/2018,South Africa,NULL,c45BAC60,true,CAY
977,Catarina,Di Biasi,03/12/2016,Cuba,NULL,c29PkXde6,false,BZA
978,Camile,Dutnall,04/04/1955,South Korea,Z729-814-82-619-3,c6aopf95,true,GSI
979,Rickie,Fellini,01/31/1984,United States,M180-824-59-197-5,NULL,true,ITA
980,Gare,Pidgin,01/23/2000,United States,Q513-842-99-174-3,NULL,false,VDE
981,Delmar,Hellicar,12/28/1998,United States,NULL,cd0C379K7,false,KZS
982,Judas,Scholcroft,06/02/1939,Mexico,Y422-335-05-877-6,cfVb8et15,false,GHF
983,Ximenes,Conrart,09/06/2003,Chile,NULL,cd3WsSyj,true,SAC
984,Keeley,Goodered,02/20/1968,United States,NULL,cy3l4r0rW,false,RUG
985,Brock,Tireman,08/29/1947,Panama,X449-073-53-417-3,cs890S7xVf,true,ABM
986,Griffin,McCree,03/23/2019,United States,NULL,c544861O,false,GLS
987,Daryl,Terram,11/16/1955,France,NULL,c0J0936B,false,KRY
988,Annmaria,Fillimore,11/22/1953,United States,NULL,c9i5V29363,false,HLE
989,Eveline,Kneal,01/22/2006,United States,NULL,c3777Uu,false,CZX
990,Henrie,Haddick,01/23/1999,United States,NULL,cr0m8wnHq,true,UND
991,Eloisa,McAless,07/25/2011,Australia,Y971-196-64-450-8,c38zu53362,false,BUR
992,Sinclare,Clulow,10/29/1979,United States,F664-291-50-300-3,NULL,false,GGG
993,Lindi,Vassbender,01/02/2013,Panama,N184-597-99-220-7,c2qA631,true,MZL
994,Stinky,Bruckshaw,06/29/1949,Italy,NULL,cd4T66p25J,false,NZE
995,Alane,Keates,06/27/1978,United States,NULL,cn33FXk75V,false,CAF
996,Gothart,Unitt,08/04/2017,United States,NULL,clz99d99,true,XME
997,Asia,Bateson,01/29/2005,Dominican Republic,P769-709-71-756-8,cc01z2D65V,true,DME
998,Gerladina,O'Brogane,05/12/1983,Puerto Rico,O300-409-93-008-7,cPwEX04Jb,false,ETZ
999,Butch,Fotheringham,11/26/1997,United States,N519-157-80-980-4,NULL,true,CTC
1000,Ethelbert,Worsom,07/21/1987,Egypt,Z792-449-90-272-2,cC3v4J1,true,ADK
